datetime,price_open,price_high,price_low,price_close,volume
2010-06-30,1.72,2.03,1.55,1.59,Jun 29 2010
2010-07-02,1.53,1.54,1.25,1.28,Jul 1 2010
2010-07-07,1.09,1.11,1.00,1.05,Jul 6 2010
2010-07-09,1.17,1.19,1.10,1.16,Jul 8 2010
2010-07-13,1.16,1.24,1.13,1.21,Jul 12 2010
2010-07-15,1.33,1.43,1.27,1.33,Jul 14 2010
2010-07-19,1.42,1.48,1.39,1.46,Jul 16 2010
2010-07-21,1.38,1.39,1.30,1.35,Jul 20 2010
2010-07-23,1.41,1.44,1.40,1.42,Jul 22 2010
2010-07-27,1.39,1.41,1.35,1.37,Jul 26 2010
2010-07-29,1.38,1.39,1.33,1.36,Jul 28 2010
2010-08-02,1.37,1.40,1.36,1.39,Jul 30 2010
2010-08-04,1.46,1.48,1.39,1.42,Aug 3 2010
2010-08-06,1.34,1.34,1.30,1.31,Aug 5 2010
2010-08-10,1.31,1.31,1.25,1.27,Aug 9 2010
2010-08-12,1.19,1.19,1.16,1.17,Aug 11 2010
2010-08-16,1.23,1.25,1.22,1.25,Aug 13 2010
2010-08-18,1.31,1.31,1.24,1.25,Aug 17 2010
2010-08-20,1.24,1.27,1.23,1.27,Aug 19 2010
2010-08-24,1.28,1.31,1.26,1.28,Aug 23 2010
2010-08-26,1.33,1.35,1.31,1.32,Aug 25 2010
2010-08-30,1.31,1.35,1.31,1.32,Aug 27 2010
2010-09-01,1.31,1.38,1.31,1.36,Aug 31 2010
2010-09-03,1.39,1.42,1.38,1.40,Sep 2 2010
2010-09-08,1.38,1.40,1.37,1.39,Sep 7 2010
2010-09-10,1.38,1.40,1.32,1.34,Sep 9 2010
2010-09-14,1.37,1.44,1.37,1.41,Sep 13 2010
2010-09-16,1.48,1.54,1.39,1.40,Sep 15 2010
2010-09-20,1.38,1.42,1.34,1.40,Sep 17 2010
2010-09-22,1.39,1.40,1.32,1.32,Sep 21 2010
2010-09-24,1.33,1.35,1.31,1.34,Sep 23 2010
2010-09-28,1.40,1.43,1.38,1.43,Sep 27 2010
2010-09-30,1.47,1.48,1.35,1.36,Sep 29 2010
2010-10-04,1.36,1.41,1.35,1.40,Oct 1 2010
2010-10-06,1.40,1.42,1.35,1.36,Oct 5 2010
2010-10-08,1.36,1.39,1.36,1.36,Oct 7 2010
2010-10-12,1.35,1.35,1.34,1.35,Oct 11 2010
2010-10-14,1.40,1.40,1.36,1.38,Oct 13 2010
2010-10-18,1.37,1.38,1.35,1.35,Oct 15 2010
2010-10-20,1.34,1.38,1.34,1.38,Oct 19 2010
2010-10-22,1.38,1.40,1.37,1.38,Oct 21 2010
2010-10-26,1.39,1.46,1.37,1.42,Oct 25 2010
2010-10-28,1.43,1.43,1.40,1.41,Oct 27 2010
2010-11-01,1.46,1.52,1.42,1.43,Oct 29 2010
2010-11-03,1.42,1.50,1.41,1.45,Nov 2 2010
2010-11-05,1.66,1.66,1.58,1.63,Nov 4 2010
2010-11-09,1.67,1.71,1.60,1.64,Nov 8 2010
2010-11-11,1.91,1.94,1.82,1.87,Nov 10 2010
2010-11-15,2.01,2.20,2.01,2.05,Nov 12 2010
2010-11-17,2.01,2.05,1.91,1.97,Nov 16 2010
2010-11-19,2.01,2.09,1.98,2.07,Nov 18 2010
2010-11-23,2.22,2.38,2.15,2.30,Nov 22 2010
2010-11-26,2.37,2.40,2.32,2.35,Nov 24 2010
2010-11-30,2.25,2.36,2.23,2.36,Nov 29 2010
2010-12-02,2.27,2.29,2.08,2.16,Dec 1 2010
2010-12-06,2.09,2.10,1.97,2.02,Dec 3 2010
2010-12-08,2.17,2.17,2.10,2.16,Dec 7 2010
2010-12-10,2.14,2.19,2.08,2.10,Dec 9 2010
2010-12-14,2.02,2.03,1.85,1.90,Dec 13 2010
2010-12-16,2.00,2.06,1.98,2.05,Dec 15 2010
2010-12-20,2.11,2.15,2.08,2.11,Dec 17 2010
2010-12-22,2.15,2.19,2.11,2.18,Dec 21 2010
2010-12-27,1.87,1.91,1.67,1.70,Dec 23 2010
2010-12-29,1.80,1.87,1.77,1.85,Dec 28 2010
2010-12-31,1.77,1.82,1.77,1.78,Dec 30 2010
2011-01-04,1.78,1.80,1.73,1.78,Jan 3 2011
2011-01-06,1.79,1.87,1.79,1.86,Jan 5 2011
2011-01-10,1.88,1.91,1.87,1.90,Jan 7 2011
2011-01-12,1.80,1.83,1.77,1.80,Jan 11 2011
2011-01-14,1.74,1.77,1.71,1.72,Jan 13 2011
2011-01-19,1.68,1.70,1.58,1.60,Jan 18 2011
2011-01-21,1.54,1.57,1.51,1.54,Jan 20 2011
2011-01-25,1.64,1.66,1.60,1.65,Jan 24 2011
2011-01-27,1.65,1.67,1.64,1.66,Jan 26 2011
2011-01-31,1.60,1.61,1.57,1.61,Jan 28 2011
2011-02-02,1.61,1.61,1.58,1.60,Feb 1 2011
2011-02-04,1.56,1.58,1.55,1.56,Feb 3 2011
2011-02-08,1.59,1.68,1.53,1.63,Feb 7 2011
2011-02-10,1.55,1.58,1.52,1.55,Feb 9 2011
2011-02-14,1.58,1.61,1.54,1.54,Feb 11 2011
2011-02-16,1.54,1.66,1.54,1.65,Feb 15 2011
2011-02-18,1.56,1.57,1.53,1.55,Feb 17 2011
2011-02-23,1.48,1.50,1.41,1.46,Feb 22 2011
2011-02-25,1.52,1.59,1.51,1.57,Feb 24 2011
2011-03-01,1.60,1.62,1.58,1.60,Feb 28 2011
2011-03-03,1.63,1.65,1.60,1.62,Mar 2 2011
2011-03-07,1.66,1.69,1.65,1.66,Mar 4 2011
2011-03-09,1.64,1.67,1.62,1.65,Mar 8 2011
2011-03-11,1.59,1.62,1.57,1.60,Mar 10 2011
2011-03-15,1.48,1.53,1.45,1.53,Mar 14 2011
2011-03-17,1.55,1.56,1.51,1.52,Mar 16 2011
2011-03-21,1.54,1.54,1.50,1.52,Mar 18 2011
2011-03-23,1.47,1.48,1.45,1.48,Mar 22 2011
2011-03-25,1.50,1.53,1.49,1.52,Mar 24 2011
2011-03-29,1.55,1.60,1.55,1.59,Mar 28 2011
2011-03-31,1.77,1.91,1.77,1.85,Mar 30 2011
2011-04-04,1.79,1.80,1.68,1.72,Apr 1 2011
2011-04-06,1.80,1.80,1.72,1.77,Apr 5 2011
2011-04-08,1.84,1.84,1.76,1.77,Apr 7 2011
2011-04-12,1.67,1.68,1.62,1.64,Apr 11 2011
2011-04-14,1.66,1.69,1.61,1.68,Apr 13 2011
2011-04-18,1.68,1.71,1.62,1.67,Apr 15 2011
2011-04-20,1.71,1.74,1.69,1.72,Apr 19 2011
2011-04-25,1.78,1.78,1.73,1.76,Apr 21 2011
2011-04-27,1.80,1.82,1.78,1.81,Apr 26 2011
2011-04-29,1.85,1.86,1.83,1.84,Apr 28 2011
2011-05-03,1.83,1.83,1.77,1.79,May 2 2011
2011-05-05,1.81,1.83,1.74,1.76,May 4 2011
2011-05-09,1.80,1.87,1.79,1.86,May 6 2011
2011-05-11,1.88,1.89,1.79,1.80,May 10 2011
2011-05-13,1.87,1.88,1.82,1.84,May 12 2011
2011-05-17,1.80,1.80,1.71,1.73,May 16 2011
2011-05-19,1.80,1.90,1.77,1.88,May 18 2011
2011-05-23,1.84,1.84,1.77,1.79,May 20 2011
2011-05-25,1.79,1.93,1.74,1.93,May 24 2011
2011-05-27,1.97,1.98,1.92,1.97,May 26 2011
2011-06-01,2.00,2.01,1.89,1.90,May 31 2011
2011-06-03,2.00,2.10,1.97,2.01,Jun 2 2011
2011-06-07,1.93,1.96,1.88,1.89,Jun 6 2011
2011-06-09,1.83,1.87,1.81,1.84,Jun 8 2011
2011-06-13,1.87,1.93,1.86,1.90,Jun 10 2011
2011-06-15,1.90,1.90,1.80,1.82,Jun 14 2011
2011-06-17,1.79,1.85,1.74,1.77,Jun 16 2011
2011-06-21,1.75,1.85,1.73,1.84,Jun 20 2011
2011-06-23,1.81,1.85,1.75,1.85,Jun 22 2011
2011-06-27,1.85,1.89,1.82,1.83,Jun 24 2011
2011-06-29,1.90,1.94,1.87,1.89,Jun 28 2011
2011-07-01,1.94,1.97,1.92,1.93,Jun 30 2011
2011-07-06,1.94,1.94,1.90,1.93,Jul 5 2011
2011-07-08,1.99,1.99,1.91,1.92,Jul 7 2011
2011-07-12,1.89,1.94,1.87,1.88,Jul 11 2011
2011-07-14,1.90,1.93,1.82,1.84,Jul 13 2011
2011-07-18,1.82,1.83,1.78,1.82,Jul 15 2011
2011-07-20,1.87,2.03,1.85,1.91,Jul 19 2011
2011-07-22,1.91,1.97,1.90,1.95,Jul 21 2011
2011-07-26,1.89,1.92,1.86,1.87,Jul 25 2011
2011-07-28,1.84,1.90,1.84,1.88,Jul 27 2011
2011-08-01,1.91,1.93,1.88,1.92,Jul 29 2011
2011-08-03,1.83,1.86,1.76,1.81,Aug 2 2011
2011-08-05,1.67,1.69,1.52,1.62,Aug 4 2011
2011-08-09,1.61,1.70,1.58,1.67,Aug 8 2011
2011-08-11,1.60,1.72,1.60,1.69,Aug 10 2011
2011-08-15,1.77,1.78,1.73,1.75,Aug 12 2011
2011-08-17,1.76,1.78,1.70,1.72,Aug 16 2011
2011-08-19,1.59,1.61,1.47,1.49,Aug 18 2011
2011-08-23,1.46,1.54,1.43,1.53,Aug 22 2011
2011-08-25,1.59,1.59,1.53,1.54,Aug 24 2011
2011-08-29,1.61,1.66,1.60,1.65,Aug 26 2011
2011-08-31,1.65,1.70,1.62,1.65,Aug 30 2011
2011-09-02,1.58,1.60,1.51,1.54,Sep 1 2011
2011-09-07,1.56,1.60,1.55,1.59,Sep 6 2011
2011-09-09,1.56,1.57,1.50,1.53,Sep 8 2011
2011-09-13,1.53,1.61,1.52,1.61,Sep 12 2011
2011-09-15,1.64,1.66,1.62,1.65,Sep 14 2011
2011-09-19,1.66,1.72,1.59,1.72,Sep 16 2011
2011-09-21,1.73,1.80,1.71,1.72,Sep 20 2011
2011-09-23,1.70,1.77,1.69,1.76,Sep 22 2011
2011-09-27,1.73,1.80,1.70,1.75,Sep 26 2011
2011-09-29,1.71,1.72,1.57,1.61,Sep 28 2011
2011-10-03,1.66,1.67,1.55,1.58,Sep 30 2011
2011-10-05,1.60,1.72,1.56,1.69,Oct 4 2011
2011-10-07,1.80,1.84,1.74,1.80,Oct 6 2011
2011-10-11,1.83,1.85,1.81,1.84,Oct 10 2011
2011-10-13,1.84,1.90,1.83,1.86,Oct 12 2011
2011-10-17,1.86,1.87,1.82,1.83,Oct 14 2011
2011-10-19,1.87,1.87,1.82,1.84,Oct 18 2011
2011-10-21,1.83,1.89,1.80,1.87,Oct 20 2011
2011-10-25,1.88,1.92,1.85,1.88,Oct 24 2011
2011-10-27,1.89,1.93,1.87,1.92,Oct 26 2011
2011-10-31,1.97,1.97,1.92,1.96,Oct 28 2011
2011-11-02,1.93,1.95,1.88,1.91,Nov 1 2011
2011-11-04,2.10,2.16,2.03,2.15,Nov 3 2011
2011-11-08,2.09,2.13,2.05,2.12,Nov 7 2011
2011-11-10,2.06,2.10,2.04,2.09,Nov 9 2011
2011-11-14,2.20,2.24,2.17,2.21,Nov 11 2011
2011-11-16,2.23,2.33,2.23,2.33,Nov 15 2011
2011-11-18,2.24,2.27,2.17,2.17,Nov 17 2011
2011-11-22,2.12,2.19,2.07,2.14,Nov 21 2011
2011-11-25,2.10,2.16,2.07,2.11,Nov 23 2011
2011-11-29,2.17,2.20,2.11,2.12,Nov 28 2011
2011-12-01,2.17,2.27,2.13,2.17,Nov 30 2011
2011-12-05,2.24,2.33,2.23,2.29,Dec 2 2011
2011-12-07,2.31,2.33,2.25,2.28,Dec 6 2011
2011-12-09,2.04,2.07,2.02,2.07,Dec 8 2011
2011-12-13,2.04,2.06,1.93,1.96,Dec 12 2011
2011-12-15,1.91,1.94,1.87,1.91,Dec 14 2011
2011-12-19,1.87,1.90,1.82,1.85,Dec 16 2011
2011-12-21,1.86,1.87,1.74,1.84,Dec 20 2011
2011-12-23,1.87,1.87,1.83,1.86,Dec 22 2011
2011-12-28,1.93,1.95,1.87,1.90,Dec 27 2011
2011-12-30,1.90,1.93,1.88,1.90,Dec 29 2011
2012-01-04,1.88,1.91,1.83,1.85,Jan 3 2012
2012-01-06,1.81,1.85,1.76,1.79,Jan 5 2012
2012-01-10,1.83,1.85,1.82,1.84,Jan 9 2012
2012-01-12,1.90,1.91,1.85,1.88,Jan 11 2012
2012-01-17,1.77,1.82,1.76,1.77,Jan 13 2012
2012-01-19,1.81,1.85,1.77,1.78,Jan 18 2012
2012-01-23,1.79,1.81,1.77,1.78,Jan 20 2012
2012-01-25,1.82,1.87,1.80,1.86,Jan 24 2012
2012-01-27,1.90,1.98,1.90,1.96,Jan 26 2012
2012-01-31,1.99,2.00,1.92,1.94,Jan 30 2012
2012-02-02,1.98,2.06,1.97,2.02,Feb 1 2012
2012-02-06,2.07,2.13,2.07,2.12,Feb 3 2012
2012-02-08,2.11,2.13,2.09,2.13,Feb 7 2012
2012-02-10,2.15,2.15,1.99,2.07,Feb 9 2012
2012-02-14,2.12,2.25,2.09,2.21,Feb 13 2012
2012-02-16,2.23,2.30,2.17,2.28,Feb 15 2012
2012-02-21,2.32,2.32,2.25,2.30,Feb 17 2012
2012-02-23,2.27,2.33,2.24,2.30,Feb 22 2012
2012-02-27,2.23,2.27,2.20,2.24,Feb 24 2012
2012-02-29,2.25,2.27,2.21,2.23,Feb 28 2012
2012-03-02,2.29,2.30,2.25,2.27,Mar 1 2012
2012-03-06,2.22,2.22,2.17,2.21,Mar 5 2012
2012-03-08,2.21,2.23,2.20,2.20,Mar 7 2012
2012-03-12,2.31,2.42,2.31,2.40,Mar 9 2012
2012-03-14,2.40,2.40,2.32,2.35,Mar 13 2012
2012-03-16,2.33,2.39,2.32,2.35,Mar 15 2012
2012-03-20,2.33,2.35,2.30,2.33,Mar 19 2012
2012-03-22,2.33,2.34,2.29,2.29,Mar 21 2012
2012-03-26,2.37,2.54,2.34,2.49,Mar 23 2012
2012-03-28,2.52,2.56,2.47,2.52,Mar 27 2012
2012-03-30,2.50,2.53,2.45,2.48,Mar 29 2012
2012-04-03,2.45,2.56,2.44,2.53,Apr 2 2012
2012-04-05,2.34,2.36,2.29,2.30,Apr 4 2012
2012-04-10,2.21,2.26,2.14,2.16,Apr 9 2012
2012-04-12,2.25,2.30,2.19,2.23,Apr 11 2012
2012-04-16,2.23,2.25,2.14,2.15,Apr 13 2012
2012-04-18,2.14,2.18,2.10,2.18,Apr 17 2012
2012-04-20,2.21,2.25,2.20,2.21,Apr 19 2012
2012-04-24,2.12,2.15,2.07,2.12,Apr 23 2012
2012-04-26,2.20,2.23,2.19,2.23,Apr 25 2012
2012-04-30,2.22,2.22,2.17,2.21,Apr 27 2012
2012-05-02,2.23,2.29,2.23,2.26,May 1 2012
2012-05-04,2.15,2.16,2.09,2.12,May 3 2012
2012-05-08,2.17,2.18,1.96,2.01,May 7 2012
2012-05-10,2.20,2.31,2.16,2.20,May 9 2012
2012-05-14,2.13,2.14,2.00,2.00,May 11 2012
2012-05-16,1.97,2.01,1.93,1.95,May 15 2012
2012-05-18,1.89,1.90,1.79,1.84,May 17 2012
2012-05-22,2.01,2.09,2.00,2.05,May 21 2012
2012-05-24,2.08,2.08,1.98,2.02,May 23 2012
2012-05-29,2.00,2.13,2.00,2.11,May 25 2012
2012-05-31,2.00,2.02,1.92,1.97,May 30 2012
2012-06-04,1.87,1.89,1.81,1.86,Jun 1 2012
2012-06-06,1.88,1.96,1.88,1.95,Jun 5 2012
2012-06-08,1.92,2.01,1.88,2.01,Jun 7 2012
2012-06-12,1.95,1.99,1.92,1.98,Jun 11 2012
2012-06-14,2.01,2.04,1.91,1.96,Jun 13 2012
2012-06-18,2.00,2.16,1.97,2.12,Jun 15 2012
2012-06-20,2.23,2.30,2.21,2.25,Jun 19 2012
2012-06-22,2.17,2.27,2.16,2.25,Jun 21 2012
2012-06-26,2.14,2.16,2.09,2.11,Jun 25 2012
2012-06-28,2.13,2.14,2.04,2.09,Jun 27 2012
2012-07-02,2.09,2.12,2.01,2.03,Jun 29 2012
2012-07-05,2.05,2.11,2.05,2.08,Jul 3 2012
2012-07-09,2.06,2.12,2.04,2.10,Jul 6 2012
2012-07-11,2.10,2.11,2.07,2.10,Jul 10 2012
2012-07-13,2.20,2.29,2.19,2.28,Jul 12 2012
2012-07-17,2.33,2.35,2.16,2.22,Jul 16 2012
2012-07-19,2.18,2.21,2.14,2.15,Jul 18 2012
2012-07-23,2.07,2.09,2.04,2.04,Jul 20 2012
2012-07-25,1.99,2.00,1.92,1.93,Jul 24 2012
2012-07-27,1.91,1.98,1.87,1.97,Jul 26 2012
2012-07-31,1.84,1.86,1.82,1.83,Jul 30 2012
2012-08-02,1.79,1.79,1.70,1.74,Aug 1 2012
2012-08-06,1.84,1.91,1.84,1.88,Aug 3 2012
2012-08-08,1.99,2.00,1.91,1.94,Aug 7 2012
2012-08-10,1.95,2.00,1.95,2.00,Aug 9 2012
2012-08-14,2.05,2.08,1.95,1.96,Aug 13 2012
2012-08-16,1.97,2.03,1.97,2.02,Aug 15 2012
2012-08-20,2.01,2.03,1.94,1.97,Aug 17 2012
2012-08-22,1.93,2.00,1.93,2.00,Aug 21 2012
2012-08-24,2.00,2.02,1.96,1.97,Aug 23 2012
2012-08-28,1.89,1.96,1.87,1.91,Aug 27 2012
2012-08-30,1.91,1.92,1.87,1.89,Aug 29 2012
2012-09-04,1.90,1.93,1.86,1.88,Aug 31 2012
2012-09-06,1.87,1.93,1.86,1.90,Sep 5 2012
2012-09-10,1.95,1.96,1.82,1.82,Sep 7 2012
2012-09-12,1.86,1.91,1.85,1.89,Sep 11 2012
2012-09-14,2.00,2.04,1.98,2.03,Sep 13 2012
2012-09-18,2.13,2.13,2.05,2.09,Sep 17 2012
2012-09-20,2.06,2.10,2.05,2.06,Sep 19 2012
2012-09-24,1.97,2.07,1.96,2.04,Sep 21 2012
2012-09-26,1.84,1.89,1.83,1.84,Sep 25 2012
2012-09-28,1.92,1.99,1.91,1.95,Sep 27 2012
2012-10-02,1.95,1.99,1.93,1.99,Oct 1 2012
2012-10-04,2.00,2.01,1.91,1.96,Oct 3 2012
2012-10-08,1.92,1.96,1.91,1.95,Oct 5 2012
2012-10-10,1.89,1.91,1.87,1.89,Oct 9 2012
2012-10-12,1.89,1.92,1.83,1.84,Oct 11 2012
2012-10-16,1.84,1.87,1.82,1.87,Oct 15 2012
2012-10-18,1.93,1.93,1.85,1.87,Oct 17 2012
2012-10-22,1.87,1.87,1.82,1.86,Oct 19 2012
2012-10-24,1.90,1.90,1.82,1.83,Oct 23 2012
2012-10-26,1.84,1.85,1.80,1.83,Oct 25 2012
2012-11-01,1.88,1.97,1.88,1.95,Oct 31 2012
2012-11-05,1.99,2.11,1.96,2.10,Nov 2 2012
2012-11-07,2.07,2.14,2.05,2.10,Nov 6 2012
2012-11-09,2.04,2.06,1.99,2.02,Nov 8 2012
2012-11-13,2.09,2.13,2.05,2.11,Nov 12 2012
2012-11-15,2.09,2.10,2.03,2.05,Nov 14 2012
2012-11-19,2.14,2.22,2.12,2.19,Nov 16 2012
2012-11-21,2.17,2.23,2.15,2.16,Nov 20 2012
2012-11-26,2.14,2.15,2.11,2.15,Nov 23 2012
2012-11-28,2.13,2.29,2.13,2.22,Nov 27 2012
2012-11-30,2.24,2.29,2.20,2.25,Nov 29 2012
2012-12-04,2.27,2.32,2.24,2.26,Dec 3 2012
2012-12-06,2.25,2.32,2.23,2.26,Dec 5 2012
2012-12-10,2.30,2.32,2.28,2.30,Dec 7 2012
2012-12-12,2.35,2.39,2.33,2.35,Dec 11 2012
2012-12-14,2.25,2.29,2.24,2.25,Dec 13 2012
2012-12-18,2.28,2.34,2.28,2.31,Dec 17 2012
2012-12-20,2.30,2.32,2.27,2.30,Dec 19 2012
2012-12-24,2.24,2.29,2.24,2.29,Dec 21 2012
2012-12-27,2.23,2.26,2.20,2.25,Dec 26 2012
2012-12-31,2.20,2.26,2.20,2.26,Dec 28 2012
2013-01-03,2.35,2.36,2.32,2.32,Jan 2 2013
2013-01-07,2.32,2.32,2.26,2.29,Jan 4 2013
2013-01-09,2.27,2.28,2.23,2.24,Jan 8 2013
2013-01-11,2.27,2.27,2.14,2.19,Jan 10 2013
2013-01-15,2.21,2.28,2.21,2.26,Jan 14 2013
2013-01-17,2.28,2.32,2.26,2.29,Jan 16 2013
2013-01-22,2.30,2.37,2.28,2.35,Jan 18 2013
2013-01-24,2.40,2.51,2.39,2.47,Jan 23 2013
2013-01-28,2.46,2.58,2.46,2.54,Jan 25 2013
2013-01-30,2.52,2.53,2.50,2.50,Jan 29 2013
2013-02-01,2.54,2.57,2.51,2.55,Jan 31 2013
2013-02-05,2.53,2.58,2.51,2.54,Feb 4 2013
2013-02-07,2.61,2.65,2.60,2.63,Feb 6 2013
2013-02-11,2.53,2.61,2.50,2.56,Feb 8 2013
2013-02-13,2.55,2.60,2.54,2.56,Feb 12 2013
2013-02-15,2.57,2.57,2.46,2.47,Feb 14 2013
2013-02-20,2.62,2.64,2.56,2.57,Feb 19 2013
2013-02-22,2.38,2.43,2.37,2.41,Feb 21 2013
2013-02-26,2.30,2.33,2.25,2.30,Feb 25 2013
2013-02-28,2.39,2.41,2.29,2.32,Feb 27 2013
2013-03-04,2.32,2.39,2.31,2.37,Mar 1 2013
2013-03-06,2.47,2.53,2.46,2.51,Mar 5 2013
2013-03-08,2.54,2.63,2.49,2.56,Mar 7 2013
2013-03-12,2.59,2.63,2.59,2.61,Mar 11 2013
2013-03-14,2.59,2.59,2.45,2.46,Mar 13 2013
2013-03-18,2.35,2.40,2.33,2.34,Mar 15 2013
2013-03-20,2.35,2.40,2.34,2.40,Mar 19 2013
2013-03-22,2.41,2.45,2.41,2.44,Mar 21 2013
2013-03-26,2.53,2.55,2.51,2.52,Mar 25 2013
2013-03-28,2.55,2.55,2.52,2.53,Mar 27 2013
2013-04-02,2.91,3.03,2.90,2.96,Apr 1 2013
2013-04-04,2.74,2.82,2.72,2.80,Apr 3 2013
2013-04-08,2.80,2.84,2.77,2.79,Apr 5 2013
2013-04-10,2.71,2.80,2.71,2.79,Apr 9 2013
2013-04-12,2.88,3.01,2.87,2.92,Apr 11 2013
2013-04-16,2.95,3.08,2.93,3.04,Apr 15 2013
2013-04-18,3.07,3.17,3.03,3.13,Apr 17 2013
2013-04-22,3.24,3.35,3.18,3.35,Apr 19 2013
2013-04-24,3.39,3.40,3.27,3.36,Apr 23 2013
2013-04-26,3.54,3.58,3.37,3.41,Apr 25 2013
2013-04-30,3.73,3.88,3.58,3.60,Apr 29 2013
2013-05-02,3.59,3.68,3.58,3.61,May 1 2013
2013-05-06,3.76,3.98,3.70,3.97,May 3 2013
2013-05-08,3.83,3.88,3.71,3.72,May 7 2013
2013-05-10,4.64,5.40,4.62,5.12,May 9 2013
2013-05-14,6.28,6.47,5.41,5.55,May 13 2013
2013-05-16,6.31,6.33,5.91,6.15,May 15 2013
2013-05-20,6.07,6.17,5.91,6.00,May 17 2013
2013-05-22,5.76,6.06,5.70,5.82,May 21 2013
2013-05-24,6.17,6.53,6.13,6.47,May 23 2013
2013-05-29,7.57,7.66,6.60,6.98,May 28 2013
2013-05-31,7.08,7.10,6.52,6.52,May 30 2013
2013-06-04,6.18,6.43,6.16,6.32,Jun 3 2013
2013-06-06,6.35,6.62,6.34,6.49,Jun 5 2013
2013-06-10,6.60,6.83,6.57,6.67,Jun 7 2013
2013-06-12,6.45,6.70,6.38,6.52,Jun 11 2013
2013-06-14,6.67,6.83,6.62,6.69,Jun 13 2013
2013-06-18,6.78,6.93,6.61,6.89,Jun 17 2013
2013-06-20,6.98,7.14,6.63,6.71,Jun 19 2013
2013-06-24,6.43,6.86,6.35,6.77,Jun 21 2013
2013-06-26,6.92,7.06,6.84,7.05,Jun 25 2013
2013-06-28,7.24,7.30,7.11,7.16,Jun 27 2013
2013-07-02,7.88,8.13,7.70,7.85,Jul 1 2013
2013-07-05,7.89,8.02,7.71,8.01,Jul 3 2013
2013-07-09,8.31,8.35,8.13,8.23,Jul 8 2013
2013-07-11,8.33,8.41,8.16,8.37,Jul 10 2013
2013-07-15,8.87,8.88,8.45,8.48,Jul 12 2013
2013-07-17,7.10,8.11,6.97,8.02,Jul 16 2013
2013-07-19,7.90,8.04,7.77,7.98,Jul 18 2013
2013-07-23,8.27,8.37,8.12,8.18,Jul 22 2013
2013-07-25,8.03,8.32,8.01,8.27,Jul 24 2013
2013-07-29,8.62,9.02,8.55,8.97,Jul 26 2013
2013-07-31,8.84,9.00,8.76,8.95,Jul 30 2013
2013-08-02,8.97,9.22,8.91,9.20,Aug 1 2013
2013-08-06,9.65,9.72,9.41,9.48,Aug 5 2013
2013-08-08,10.29,10.59,10.03,10.23,Aug 7 2013
2013-08-12,9.96,10.03,9.47,9.83,Aug 9 2013
2013-08-14,9.51,9.66,9.20,9.29,Aug 13 2013
2013-08-16,9.44,9.59,9.40,9.47,Aug 15 2013
2013-08-20,9.91,9.99,9.80,9.97,Aug 19 2013
2013-08-22,9.95,10.50,9.88,10.47,Aug 21 2013
2013-08-26,11.01,11.53,10.68,10.95,Aug 23 2013
2013-08-28,11.27,11.43,10.88,11.10,Aug 27 2013
2013-08-30,11.09,11.28,10.93,11.27,Aug 29 2013
2013-09-04,11.32,11.44,11.04,11.37,Sep 3 2013
2013-09-06,11.24,11.31,11.01,11.13,Sep 5 2013
2013-09-10,10.76,11.17,10.71,11.09,Sep 9 2013
2013-09-12,10.93,11.12,10.70,11.00,Sep 11 2013
2013-09-16,11.20,11.39,11.06,11.11,Sep 13 2013
2013-09-18,11.14,11.16,10.95,11.08,Sep 17 2013
2013-09-20,11.93,12.39,11.90,12.23,Sep 19 2013
2013-09-24,11.94,12.33,11.84,12.16,Sep 23 2013
2013-09-26,12.45,12.65,12.37,12.58,Sep 25 2013
2013-09-30,12.60,12.97,12.53,12.89,Sep 27 2013
2013-10-02,12.57,12.79,11.69,12.06,Oct 1 2013
2013-10-04,11.76,12.08,11.51,12.07,Oct 3 2013
2013-10-08,12.29,12.40,11.55,11.65,Oct 7 2013
2013-10-10,11.54,11.72,11.31,11.53,Oct 9 2013
2013-10-14,11.67,12.17,11.61,11.98,Oct 11 2013
2013-10-16,12.33,12.49,12.14,12.24,Oct 15 2013
2013-10-18,12.28,12.40,12.17,12.23,Oct 17 2013
2013-10-22,11.37,11.85,11.07,11.44,Oct 21 2013
2013-10-24,11.00,11.63,10.86,11.54,Oct 23 2013
2013-10-28,11.35,11.37,10.81,10.86,Oct 25 2013
2013-10-30,10.98,11.18,10.54,10.61,Oct 29 2013
2013-11-01,10.87,11.06,10.69,10.81,Oct 31 2013
2013-11-05,12.00,12.10,11.42,11.79,Nov 4 2013
2013-11-07,9.61,9.71,9.17,9.32,Nov 6 2013
2013-11-11,9.40,9.69,9.14,9.65,Nov 8 2013
2013-11-13,9.39,9.49,9.09,9.25,Nov 12 2013
2013-11-15,9.12,9.20,8.96,9.03,Nov 14 2013
2013-11-19,7.96,8.60,7.95,8.41,Nov 18 2013
2013-11-21,8.19,8.32,8.02,8.14,Nov 20 2013
2013-11-25,8.30,8.39,8.02,8.06,Nov 22 2013
2013-11-27,8.09,8.46,7.97,8.46,Nov 26 2013
2013-12-02,8.42,8.57,8.26,8.28,Nov 29 2013
2013-12-04,9.62,9.63,9.14,9.26,Dec 3 2013
2013-12-06,9.43,9.50,9.09,9.16,Dec 5 2013
2013-12-10,9.34,9.72,9.32,9.48,Dec 9 2013
2013-12-12,9.31,9.88,9.24,9.83,Dec 11 2013
2013-12-16,9.90,10.03,9.74,9.86,Dec 13 2013
2013-12-18,10.15,10.33,9.73,9.87,Dec 17 2013
2013-12-20,9.44,9.62,9.44,9.55,Dec 19 2013
2013-12-24,10.00,10.33,9.99,10.09,Dec 23 2013
2013-12-27,10.35,10.37,10.05,10.07,Dec 26 2013
2013-12-31,10.15,10.21,9.91,10.03,Dec 30 2013
2014-01-03,10.00,10.15,9.91,9.97,Jan 2 2014
2014-01-07,9.84,10.03,9.68,9.96,Jan 6 2014
2014-01-09,10.17,10.23,9.79,9.84,Jan 8 2014
2014-01-13,9.72,9.80,9.19,9.29,Jan 10 2014
2014-01-15,11.23,11.48,10.81,10.94,Jan 14 2014
2014-01-17,11.35,11.55,11.20,11.33,Jan 16 2014
2014-01-22,11.85,12.02,11.65,11.90,Jan 21 2014
2014-01-24,11.86,12.03,11.57,11.64,Jan 23 2014
2014-01-28,11.43,11.93,11.40,11.89,Jan 27 2014
2014-01-30,11.87,12.32,11.80,12.19,Jan 29 2014
2014-02-03,12.19,12.33,11.68,11.81,Jan 31 2014
2014-02-05,11.89,12.04,11.29,11.63,Feb 4 2014
2014-02-07,12.07,12.44,11.97,12.44,Feb 6 2014
2014-02-11,13.26,13.48,12.85,13.11,Feb 10 2014
2014-02-13,12.89,13.51,12.88,13.31,Feb 12 2014
2014-02-18,13.68,13.73,13.42,13.58,Feb 14 2014
2014-02-20,14.33,14.35,13.75,14.00,Feb 19 2014
2014-02-24,13.92,14.56,13.89,14.51,Feb 21 2014
2014-02-26,17.24,17.67,16.50,16.87,Feb 25 2014
2014-02-28,16.64,16.85,16.17,16.32,Feb 27 2014
2014-03-04,17.23,17.33,16.86,16.99,Mar 3 2014
2014-03-06,16.94,17.17,16.63,16.86,Mar 5 2014
2014-03-10,16.18,16.20,15.74,15.92,Mar 7 2014
2014-03-12,15.43,16.50,15.41,16.10,Mar 11 2014
2014-03-14,15.69,15.80,15.22,15.40,Mar 13 2014
2014-03-18,15.80,16.10,15.67,16.00,Mar 17 2014
2014-03-20,15.74,15.95,15.56,15.66,Mar 19 2014
2014-03-24,15.32,15.33,14.02,14.68,Mar 21 2014
2014-03-26,14.80,14.84,14.09,14.20,Mar 25 2014
2014-03-28,14.19,14.45,14.02,14.16,Mar 27 2014
2014-04-01,13.93,14.54,13.91,14.46,Mar 31 2014
2014-04-03,15.35,15.72,14.80,15.03,Apr 2 2014
2014-04-07,13.72,14.41,13.57,13.83,Apr 4 2014
2014-04-09,14.45,14.56,14.06,14.46,Apr 8 2014
2014-04-11,13.37,13.80,13.24,13.59,Apr 10 2014
2014-04-15,13.27,13.29,12.29,12.93,Apr 14 2014
2014-04-17,13.31,13.49,12.94,13.21,Apr 16 2014
2014-04-22,13.76,14.62,13.67,14.58,Apr 21 2014
2014-04-24,14.05,14.19,13.55,13.86,Apr 23 2014
2014-04-28,13.33,13.59,12.70,13.23,Apr 25 2014
2014-04-30,13.57,13.88,13.42,13.86,Apr 29 2014
2014-05-02,13.91,14.09,13.77,14.06,May 1 2014
2014-05-06,14.44,14.58,13.79,13.82,May 5 2014
2014-05-08,12.13,12.96,11.87,11.91,May 7 2014
2014-05-12,12.26,12.48,11.99,12.31,May 9 2014
2014-05-14,12.60,12.90,12.47,12.71,May 13 2014
2014-05-16,12.60,12.80,12.51,12.77,May 15 2014
2014-05-20,13.13,13.29,12.87,13.02,May 19 2014
2014-05-22,13.36,13.79,13.30,13.66,May 21 2014
2014-05-27,13.90,14.26,13.85,14.10,May 23 2014
2014-05-29,14.04,14.17,13.85,14.02,May 28 2014
2014-06-02,13.82,13.96,13.44,13.65,May 30 2014
2014-06-04,13.62,13.75,13.36,13.60,Jun 3 2014
2014-06-06,13.98,14.05,13.81,13.88,Jun 5 2014
2014-06-10,13.63,13.80,13.44,13.49,Jun 9 2014
2014-06-12,13.67,13.99,13.51,13.57,Jun 11 2014
2014-06-16,13.78,15.03,13.75,14.97,Jun 13 2014
2014-06-18,15.43,15.45,15.07,15.14,Jun 17 2014
2014-06-20,15.23,15.42,15.08,15.31,Jun 19 2014
2014-06-24,15.93,16.13,15.44,15.50,Jun 23 2014
2014-06-26,15.81,16.03,15.61,15.71,Jun 25 2014
2014-06-30,15.97,16.30,15.93,16.00,Jun 27 2014
2014-07-02,16.04,16.16,15.14,15.30,Jul 1 2014
2014-07-07,15.17,15.32,14.69,14.84,Jul 3 2014
2014-07-09,14.75,14.95,14.61,14.87,Jul 8 2014
2014-07-11,14.71,14.77,14.51,14.54,Jul 10 2014
2014-07-15,15.12,15.18,14.54,14.64,Jul 14 2014
2014-07-17,14.41,14.70,14.24,14.36,Jul 16 2014
2014-07-21,14.48,14.88,14.45,14.70,Jul 18 2014
2014-07-23,14.67,14.98,14.63,14.83,Jul 22 2014
2014-07-25,14.85,15.13,14.78,14.90,Jul 24 2014
2014-07-29,15.11,15.22,14.99,15.00,Jul 28 2014
2014-07-31,15.28,15.43,14.77,14.89,Jul 30 2014
2014-08-04,15.63,16.03,15.55,15.90,Aug 1 2014
2014-08-06,15.93,16.76,15.91,16.60,Aug 5 2014
2014-08-08,16.74,16.78,16.43,16.54,Aug 7 2014
2014-08-12,17.21,17.35,16.97,17.33,Aug 11 2014
2014-08-14,17.50,17.53,17.10,17.43,Aug 13 2014
2014-08-18,17.55,17.82,17.32,17.33,Aug 15 2014
2014-08-20,16.98,17.25,16.87,17.05,Aug 19 2014
2014-08-22,16.97,17.13,16.84,17.12,Aug 21 2014
2014-08-26,17.67,17.70,17.44,17.45,Aug 25 2014
2014-08-28,17.46,17.63,17.44,17.59,Aug 27 2014
2014-09-02,18.37,18.99,18.29,18.94,Aug 29 2014
2014-09-04,18.93,19.43,18.69,19.07,Sep 3 2014
2014-09-08,18.51,18.99,18.50,18.81,Sep 5 2014
2014-09-10,18.63,18.76,18.24,18.74,Sep 9 2014
2014-09-12,18.70,18.83,18.47,18.61,Sep 11 2014
2014-09-16,17.01,17.50,16.83,17.38,Sep 15 2014
2014-09-18,17.56,17.71,17.49,17.59,Sep 17 2014
2014-09-22,17.00,17.07,16.31,16.67,Sep 19 2014
2014-09-24,16.74,16.86,16.47,16.81,Sep 23 2014
2014-09-26,16.55,16.65,16.40,16.44,Sep 25 2014
2014-09-30,16.46,16.51,16.01,16.18,Sep 29 2014
2014-10-02,16.68,16.85,16.36,16.76,Oct 1 2014
2014-10-06,17.28,17.50,17.19,17.37,Oct 3 2014
2014-10-08,17.34,17.53,16.84,17.29,Oct 7 2014
2014-10-10,16.31,16.39,15.68,15.79,Oct 9 2014
2014-10-14,15.22,15.50,14.87,15.14,Oct 13 2014
2014-10-16,14.65,15.33,14.61,15.09,Oct 15 2014
2014-10-20,15.11,15.49,15.03,15.36,Oct 17 2014
2014-10-22,15.55,15.83,15.37,15.41,Oct 21 2014
2014-10-24,15.75,15.85,15.41,15.68,Oct 23 2014
2014-10-28,15.31,16.31,15.22,16.18,Oct 27 2014
2014-10-30,15.88,16.03,15.67,15.91,Oct 29 2014
2014-11-03,16.20,16.50,16.09,16.17,Oct 31 2014
2014-11-05,16.07,16.09,15.37,15.40,Nov 4 2014
2014-11-07,16.15,16.19,15.81,16.01,Nov 6 2014
2014-11-11,16.17,16.79,16.13,16.74,Nov 10 2014
2014-11-13,16.71,17.05,16.68,16.78,Nov 12 2014
2014-11-17,17.17,17.27,16.80,16.93,Nov 14 2014
2014-11-19,16.71,16.79,16.37,16.52,Nov 18 2014
2014-11-21,16.81,16.85,16.14,16.19,Nov 20 2014
2014-11-25,16.49,16.65,16.41,16.54,Nov 24 2014
2014-11-28,16.36,16.45,16.17,16.30,Nov 26 2014
2014-12-02,15.64,15.66,15.20,15.43,Dec 1 2014
2014-12-04,15.24,15.39,15.19,15.22,Dec 3 2014
2014-12-08,14.77,14.99,14.16,14.29,Dec 5 2014
2014-12-10,14.28,14.45,13.85,13.99,Dec 9 2014
2014-12-12,13.65,14.11,13.63,13.80,Dec 11 2014
2014-12-16,13.39,13.58,13.02,13.19,Dec 15 2014
2014-12-18,14.16,14.56,14.12,14.55,Dec 17 2014
2014-12-22,14.67,14.94,14.55,14.84,Dec 19 2014
2014-12-24,14.65,14.83,14.62,14.82,Dec 23 2014
2014-12-29,15.13,15.19,14.93,15.05,Dec 26 2014
2014-12-31,14.87,15.05,14.82,14.83,Dec 30 2014
2015-01-05,14.30,14.43,13.81,14.01,Jan 2 2015
2015-01-07,14.22,14.32,13.99,14.06,Jan 6 2015
2015-01-09,13.93,14.00,13.66,13.78,Jan 8 2015
2015-01-13,13.55,13.84,13.39,13.62,Jan 12 2015
2015-01-15,12.97,13.05,12.67,12.79,Jan 14 2015
2015-01-20,12.92,12.94,12.47,12.80,Jan 16 2015
2015-01-22,13.13,13.55,13.01,13.44,Jan 21 2015
2015-01-26,13.46,13.91,13.40,13.77,Jan 23 2015
2015-01-28,13.74,13.76,13.23,13.29,Jan 27 2015
2015-01-30,13.60,13.83,13.53,13.57,Jan 29 2015
2015-02-03,14.21,14.69,14.08,14.56,Feb 2 2015
2015-02-05,14.66,15.03,14.64,14.73,Feb 4 2015
2015-02-09,14.36,14.53,14.13,14.50,Feb 6 2015
2015-02-11,14.15,14.32,13.82,14.19,Feb 10 2015
2015-02-13,13.53,13.73,13.39,13.58,Feb 12 2015
2015-02-18,13.61,13.74,13.51,13.63,Feb 17 2015
2015-02-20,14.05,14.51,13.99,14.47,Feb 19 2015
2015-02-24,13.82,13.82,13.45,13.61,Feb 23 2015
2015-02-26,13.60,14.07,13.48,13.81,Feb 25 2015
2015-03-02,13.51,13.56,13.06,13.16,Feb 27 2015
2015-03-04,13.28,13.50,13.15,13.50,Mar 3 2015
2015-03-06,13.28,13.38,12.81,12.93,Mar 5 2015
2015-03-10,12.56,12.90,12.51,12.69,Mar 9 2015
2015-03-12,12.92,12.96,12.65,12.74,Mar 11 2015
2015-03-16,12.80,13.06,12.65,13.05,Mar 13 2015
2015-03-18,13.00,13.39,12.87,13.38,Mar 17 2015
2015-03-20,13.16,13.27,13.04,13.21,Mar 19 2015
2015-03-24,13.44,13.59,13.32,13.45,Mar 23 2015
2015-03-26,12.93,12.99,12.65,12.69,Mar 25 2015
2015-03-30,12.39,12.82,12.12,12.70,Mar 27 2015
2015-04-01,12.58,12.82,12.40,12.51,Mar 31 2015
2015-04-06,13.20,13.85,13.17,13.54,Apr 2 2015
2015-04-08,13.88,14.06,13.72,13.84,Apr 7 2015
2015-04-10,13.99,14.11,13.93,14.06,Apr 9 2015
2015-04-14,13.90,13.97,13.70,13.83,Apr 13 2015
2015-04-16,13.85,13.94,13.75,13.78,Apr 15 2015
2015-04-20,13.79,13.86,13.59,13.68,Apr 17 2015
2015-04-22,14.17,14.79,14.11,14.63,Apr 21 2015
2015-04-24,14.70,14.72,14.53,14.56,Apr 23 2015
2015-04-28,15.65,15.70,15.20,15.37,Apr 27 2015
2015-04-30,15.36,15.53,15.01,15.07,Apr 29 2015
2015-05-04,15.21,15.65,15.14,15.37,May 1 2015
2015-05-06,15.61,15.63,15.21,15.36,May 5 2015
2015-05-08,15.73,15.89,15.58,15.77,May 7 2015
2015-05-12,16.01,16.42,15.88,16.32,May 11 2015
2015-05-14,16.32,16.33,16.08,16.27,May 13 2015
2015-05-18,16.47,16.66,16.40,16.58,May 15 2015
2015-05-20,16.48,16.52,16.09,16.29,May 19 2015
2015-05-22,16.36,16.57,16.33,16.52,May 21 2015
2015-05-27,16.57,16.63,16.37,16.50,May 26 2015
2015-05-29,16.73,16.86,16.63,16.72,May 28 2015
2015-06-02,16.59,16.63,16.42,16.56,Jun 1 2015
2015-06-04,16.50,16.62,16.38,16.39,Jun 3 2015
2015-06-08,16.72,17.25,16.69,17.09,Jun 5 2015
2015-06-10,16.79,16.93,16.57,16.71,Jun 9 2015
2015-06-12,16.68,16.90,16.68,16.71,Jun 11 2015
2015-06-16,16.68,16.90,16.61,16.87,Jun 15 2015
2015-06-18,17.47,17.56,17.33,17.46,Jun 17 2015
2015-06-22,17.48,17.63,17.05,17.32,Jun 19 2015
2015-06-24,17.80,17.82,17.58,17.68,Jun 23 2015
2015-06-26,17.93,17.94,17.73,17.81,Jun 25 2015
2015-06-30,17.65,18.06,17.60,17.88,Jun 29 2015
2015-07-02,18.68,18.83,18.22,18.67,Jul 1 2015
2015-07-07,18.33,18.35,17.38,17.86,Jul 6 2015
2015-07-09,17.27,17.53,17.12,17.19,Jul 8 2015
2015-07-13,17.48,17.50,17.07,17.48,Jul 10 2015
2015-07-15,17.78,17.83,17.47,17.54,Jul 14 2015
2015-07-17,18.17,18.37,17.88,18.31,Jul 16 2015
2015-07-21,18.00,18.23,17.77,17.78,Jul 20 2015
2015-07-23,17.98,17.99,17.68,17.81,Jul 22 2015
2015-07-27,17.50,17.63,16.72,16.87,Jul 24 2015
2015-07-29,17.62,17.86,17.47,17.59,Jul 28 2015
2015-07-31,17.84,17.96,17.67,17.74,Jul 30 2015
2015-08-04,17.33,17.78,17.22,17.75,Aug 3 2015
2015-08-06,16.64,17.00,15.74,16.41,Aug 5 2015
2015-08-10,15.88,16.20,15.74,16.08,Aug 7 2015
2015-08-12,15.67,15.98,15.52,15.88,Aug 11 2015
2015-08-14,16.48,16.53,16.12,16.21,Aug 13 2015
2015-08-18,17.03,17.40,16.90,17.38,Aug 17 2015
2015-08-20,16.80,16.97,16.13,16.15,Aug 19 2015
2015-08-24,13.52,15.43,13.00,14.59,Aug 21 2015
2015-08-26,15.20,15.20,14.37,14.99,Aug 25 2015
2015-08-28,16.12,16.76,16.10,16.57,Aug 27 2015
2015-09-01,16.02,16.40,15.80,15.91,Aug 31 2015
2015-09-03,16.80,16.81,16.33,16.37,Sep 2 2015
2015-09-08,16.34,16.61,16.27,16.54,Sep 4 2015
2015-09-10,16.48,16.71,16.36,16.57,Sep 9 2015
2015-09-14,16.74,16.95,16.64,16.88,Sep 11 2015
2015-09-16,16.87,17.53,16.86,17.48,Sep 15 2015
2015-09-18,17.20,17.59,17.17,17.37,Sep 17 2015
2015-09-22,17.27,17.51,17.06,17.40,Sep 21 2015
2015-09-24,17.30,17.56,17.08,17.54,Sep 23 2015
2015-09-28,17.16,17.32,16.44,16.56,Sep 25 2015
2015-09-30,16.80,16.83,16.16,16.56,Sep 29 2015
2015-10-02,15.71,16.51,15.66,16.50,Oct 1 2015
2015-10-06,16.00,16.20,15.71,16.10,Oct 5 2015
2015-10-08,15.34,15.38,14.75,15.11,Oct 7 2015
2015-10-12,14.87,14.87,14.35,14.37,Oct 9 2015
2015-10-14,14.71,14.73,14.36,14.46,Oct 13 2015
2015-10-16,14.87,15.37,14.86,15.13,Oct 15 2015
2015-10-20,15.18,15.24,13.47,14.20,Oct 19 2015
2015-10-22,14.10,14.38,13.96,14.11,Oct 21 2015
2015-10-26,14.09,14.39,14.00,14.35,Oct 23 2015
2015-10-28,14.09,14.23,13.89,14.20,Oct 27 2015
2015-10-30,14.03,14.11,13.59,13.80,Oct 29 2015
2015-11-03,14.26,14.30,13.85,13.89,Nov 2 2015
2015-11-05,15.37,15.64,15.28,15.45,Nov 4 2015
2015-11-09,15.53,15.53,14.95,15.02,Nov 6 2015
2015-11-11,14.52,14.63,14.24,14.61,Nov 10 2015
2015-11-13,14.20,14.20,13.77,13.81,Nov 12 2015
2015-11-17,14.35,14.40,14.09,14.27,Nov 16 2015
2015-11-19,14.70,15.08,14.69,14.79,Nov 18 2015
2015-11-23,14.49,14.61,14.31,14.52,Nov 20 2015
2015-11-25,14.76,15.39,14.69,15.31,Nov 24 2015
2015-11-30,15.45,15.62,15.27,15.35,Nov 27 2015
2015-12-02,15.80,15.91,15.42,15.47,Dec 1 2015
2015-12-04,15.50,15.55,15.18,15.36,Dec 3 2015
2015-12-08,15.17,15.25,14.95,15.11,Dec 7 2015
2015-12-10,14.98,15.23,14.91,15.14,Dec 9 2015
2015-12-14,14.50,14.73,14.32,14.57,Dec 11 2015
2015-12-16,14.81,15.66,14.72,15.63,Dec 15 2015
2015-12-18,15.53,15.73,15.29,15.36,Dec 17 2015
2015-12-22,15.67,15.77,15.31,15.33,Dec 21 2015
2015-12-24,15.37,15.46,15.22,15.37,Dec 23 2015
2015-12-29,15.34,15.85,15.30,15.81,Dec 28 2015
2015-12-31,15.90,16.23,15.89,16.00,Dec 30 2015
2016-01-05,15.09,15.13,14.67,14.90,Jan 4 2016
2016-01-07,14.28,14.56,14.24,14.38,Jan 6 2016
2016-01-11,14.27,14.30,13.53,13.86,Jan 8 2016
2016-01-13,14.13,14.18,13.33,13.35,Jan 12 2016
2016-01-15,13.26,13.67,13.15,13.67,Jan 14 2016
2016-01-20,13.29,13.42,12.75,13.25,Jan 19 2016
2016-01-22,13.65,13.70,13.27,13.50,Jan 21 2016
2016-01-26,13.11,13.19,12.59,12.90,Jan 25 2016
2016-01-28,12.72,12.75,12.16,12.65,Jan 27 2016
2016-02-01,12.58,13.30,12.18,13.13,Jan 29 2016
2016-02-03,12.24,12.26,11.35,11.57,Feb 2 2016
2016-02-05,11.42,11.53,10.52,10.84,Feb 4 2016
2016-02-09,9.49,10.65,9.40,9.88,Feb 8 2016
2016-02-11,10.13,10.88,9.80,10.03,Feb 10 2016
2016-02-16,10.58,10.86,10.27,10.34,Feb 12 2016
2016-02-18,11.49,11.53,10.98,11.12,Feb 17 2016
2016-02-22,11.34,11.93,11.32,11.85,Feb 19 2016
2016-02-24,11.52,11.97,11.19,11.93,Feb 23 2016
2016-02-26,12.58,12.80,12.33,12.69,Feb 25 2016
2016-03-01,12.95,13.06,12.18,12.42,Feb 29 2016
2016-03-03,12.55,13.16,12.28,13.05,Mar 2 2016
2016-03-07,13.18,13.98,13.16,13.69,Mar 4 2016
2016-03-09,13.63,13.96,13.52,13.91,Mar 8 2016
2016-03-11,13.86,13.96,13.69,13.83,Mar 10 2016
2016-03-15,14.28,14.60,14.10,14.56,Mar 14 2016
2016-03-17,14.76,15.23,14.67,15.09,Mar 16 2016
2016-03-21,15.69,15.99,15.67,15.89,Mar 18 2016
2016-03-23,15.49,15.65,14.80,14.84,Mar 22 2016
2016-03-28,15.44,15.65,15.00,15.35,Mar 24 2016
2016-03-30,15.67,15.70,15.10,15.13,Mar 29 2016
2016-04-01,16.32,16.53,15.55,15.84,Mar 31 2016
2016-04-05,16.03,17.10,16.00,17.03,Apr 4 2016
2016-04-07,17.76,17.96,16.97,17.15,Apr 6 2016
2016-04-11,16.73,17.27,16.35,16.66,Apr 8 2016
2016-04-13,16.57,17.03,16.49,16.97,Apr 12 2016
2016-04-15,16.75,16.97,16.61,16.97,Apr 14 2016
2016-04-19,16.87,16.96,16.08,16.49,Apr 18 2016
2016-04-21,16.60,16.73,16.46,16.55,Apr 20 2016
2016-04-25,16.87,17.16,16.72,16.79,Apr 22 2016
2016-04-27,16.85,17.00,16.63,16.76,Apr 26 2016
2016-04-29,16.54,16.56,15.85,16.05,Apr 28 2016
2016-05-03,15.82,15.93,15.44,15.49,May 2 2016
2016-05-05,15.23,15.24,13.99,14.10,May 4 2016
2016-05-09,14.38,14.41,13.79,13.93,May 6 2016
2016-05-11,13.84,14.37,13.74,13.93,May 10 2016
2016-05-13,13.85,14.08,13.78,13.84,May 12 2016
2016-05-17,13.94,13.99,13.60,13.64,May 16 2016
2016-05-19,14.24,14.45,13.82,14.35,May 18 2016
2016-05-23,14.66,14.84,14.39,14.41,May 20 2016
2016-05-25,14.53,14.76,14.43,14.64,May 24 2016
2016-05-27,15.00,15.06,14.72,14.87,May 26 2016
2016-06-01,14.77,14.83,14.46,14.64,May 31 2016
2016-06-03,14.67,14.80,14.53,14.60,Jun 2 2016
2016-06-07,14.82,15.63,14.77,15.49,Jun 6 2016
2016-06-09,15.67,15.69,15.14,15.29,Jun 8 2016
2016-06-13,14.63,15.05,14.51,14.52,Jun 10 2016
2016-06-15,14.46,14.79,14.34,14.51,Jun 14 2016
2016-06-17,14.52,14.67,14.30,14.36,Jun 16 2016
2016-06-21,14.71,14.84,14.59,14.64,Jun 20 2016
2016-06-23,13.05,13.17,12.81,13.09,Jun 22 2016
2016-06-27,12.72,13.25,12.52,13.24,Jun 24 2016
2016-06-29,13.68,14.12,13.53,14.01,Jun 28 2016
2016-07-01,13.74,14.55,13.73,14.43,Jun 30 2016
2016-07-06,14.00,14.35,13.93,14.30,Jul 5 2016
2016-07-08,14.52,14.65,14.30,14.45,Jul 7 2016
2016-07-12,14.94,15.17,14.88,14.98,Jul 11 2016
2016-07-14,14.87,15.00,14.74,14.77,Jul 13 2016
2016-07-18,14.64,15.14,14.55,15.08,Jul 15 2016
2016-07-20,15.10,15.32,15.00,15.22,Jul 19 2016
2016-07-22,14.80,14.97,14.59,14.82,Jul 21 2016
2016-07-26,15.18,15.33,15.02,15.30,Jul 25 2016
2016-07-28,15.20,15.38,15.11,15.37,Jul 27 2016
2016-08-01,15.70,15.78,15.29,15.33,Jul 29 2016
2016-08-03,15.16,15.31,14.95,15.05,Aug 2 2016
2016-08-05,15.33,15.47,15.16,15.34,Aug 4 2016
2016-08-09,15.12,15.44,15.11,15.27,Aug 8 2016
2016-08-11,15.08,15.17,14.89,14.99,Aug 10 2016
2016-08-15,15.07,15.30,15.00,15.04,Aug 12 2016
2016-08-17,14.96,14.99,14.85,14.88,Aug 16 2016
2016-08-19,14.90,15.01,14.84,15.00,Aug 18 2016
2016-08-23,14.95,15.23,14.85,14.99,Aug 22 2016
2016-08-25,14.87,14.92,14.72,14.73,Aug 24 2016
2016-08-29,14.68,14.69,14.33,14.35,Aug 26 2016
2016-08-31,14.03,14.17,13.91,14.13,Aug 30 2016
2016-09-02,13.49,13.55,13.08,13.19,Sep 1 2016
2016-09-07,13.70,13.77,13.38,13.45,Sep 6 2016
2016-09-09,13.27,13.33,12.91,12.96,Sep 8 2016
2016-09-13,13.14,13.23,12.90,13.07,Sep 12 2016
2016-09-15,13.10,13.50,13.09,13.36,Sep 14 2016
2016-09-19,13.80,13.96,13.67,13.76,Sep 16 2016
2016-09-21,13.76,13.80,13.44,13.68,Sep 20 2016
2016-09-23,13.73,14.01,13.71,13.83,Sep 22 2016
2016-09-27,13.98,14.00,13.64,13.72,Sep 26 2016
2016-09-29,13.71,13.82,13.37,13.38,Sep 28 2016
2016-10-03,14.15,14.38,13.88,14.25,Sep 30 2016
2016-10-05,14.15,14.21,13.87,13.90,Oct 4 2016
2016-10-07,13.40,13.42,13.05,13.11,Oct 6 2016
2016-10-11,13.46,13.48,13.22,13.34,Oct 10 2016
2016-10-13,13.37,13.39,13.14,13.35,Oct 12 2016
2016-10-17,13.14,13.23,12.80,12.93,Oct 14 2016
2016-10-19,13.32,13.78,13.20,13.57,Oct 18 2016
2016-10-21,13.24,13.44,13.16,13.34,Oct 20 2016
2016-10-25,13.53,13.65,13.41,13.49,Oct 24 2016
2016-10-27,14.09,14.25,13.44,13.60,Oct 26 2016
2016-10-31,13.50,13.50,13.05,13.18,Oct 28 2016
2016-11-02,12.67,12.85,12.50,12.53,Nov 1 2016
2016-11-04,12.60,12.90,12.40,12.70,Nov 3 2016
2016-11-08,12.92,13.17,12.75,13.00,Nov 7 2016
2016-11-10,12.74,12.77,12.03,12.36,Nov 9 2016
2016-11-14,12.53,12.55,11.88,12.10,Nov 11 2016
2016-11-16,12.18,12.32,12.08,12.26,Nov 15 2016
2016-11-18,12.71,12.87,12.33,12.33,Nov 17 2016
2016-11-22,12.39,12.76,12.25,12.74,Nov 21 2016
2016-11-25,12.91,13.15,12.91,13.11,Nov 23 2016
2016-11-29,13.04,13.12,12.63,12.64,Nov 28 2016
2016-12-01,12.55,12.57,12.07,12.13,Nov 30 2016
2016-12-05,12.17,12.59,12.17,12.45,Dec 2 2016
2016-12-07,12.41,12.89,12.33,12.88,Dec 6 2016
2016-12-09,12.72,12.92,12.72,12.81,Dec 8 2016
2016-12-13,12.88,13.42,12.87,13.21,Dec 12 2016
2016-12-15,13.23,13.38,13.16,13.17,Dec 14 2016
2016-12-19,13.50,13.63,13.32,13.52,Dec 16 2016
2016-12-21,13.90,14.15,13.83,13.85,Dec 20 2016
2016-12-23,13.87,14.23,13.85,14.22,Dec 22 2016
2016-12-28,14.77,14.92,14.48,14.65,Dec 27 2016
2016-12-30,14.42,14.50,14.11,14.25,Dec 29 2016
2017-01-04,14.32,15.20,14.29,15.13,Jan 3 2017
2017-01-06,15.13,15.35,15.03,15.27,Jan 5 2017
2017-01-10,15.47,15.47,15.13,15.32,Jan 9 2017
2017-01-12,15.27,15.38,15.04,15.31,Jan 11 2017
2017-01-17,15.78,16.00,15.62,15.71,Jan 13 2017
2017-01-19,16.48,16.58,16.05,16.25,Jan 18 2017
2017-01-23,16.39,16.73,16.37,16.59,Jan 20 2017
2017-01-25,17.15,17.23,16.79,16.96,Jan 24 2017
2017-01-27,16.76,16.87,16.57,16.86,Jan 26 2017
2017-01-31,16.62,17.06,16.51,16.80,Jan 30 2017
2017-02-02,16.56,16.83,16.51,16.77,Feb 1 2017
2017-02-06,16.73,17.19,16.71,17.18,Feb 3 2017
2017-02-08,17.16,17.56,17.08,17.47,Feb 7 2017
2017-02-10,17.99,18.06,17.74,17.95,Feb 9 2017
2017-02-14,18.60,19.16,18.57,18.73,Feb 13 2017
2017-02-16,18.51,18.67,17.90,17.93,Feb 15 2017
2017-02-21,18.36,18.76,18.27,18.49,Feb 17 2017
2017-02-23,17.60,17.64,17.04,17.07,Feb 22 2017
2017-02-27,16.54,16.56,16.13,16.42,Feb 24 2017
2017-03-01,16.95,16.99,16.61,16.67,Feb 28 2017
2017-03-03,16.72,16.79,16.60,16.77,Mar 2 2017
2017-03-07,16.79,16.93,16.55,16.57,Mar 6 2017
2017-03-09,16.51,16.58,16.20,16.33,Mar 8 2017
2017-03-13,16.32,16.46,16.19,16.41,Mar 10 2017
2017-03-15,17.13,17.40,16.95,17.05,Mar 14 2017
2017-03-17,17.60,17.69,17.41,17.43,Mar 16 2017
2017-03-21,17.52,17.65,16.68,16.71,Mar 20 2017
2017-03-23,17.03,17.18,16.89,16.99,Mar 22 2017
2017-03-27,17.37,18.04,17.32,18.01,Mar 24 2017
2017-03-29,18.56,18.64,18.37,18.49,Mar 28 2017
2017-03-31,18.58,18.65,18.42,18.55,Mar 30 2017
2017-04-04,19.79,20.32,19.64,20.25,Apr 3 2017
2017-04-06,19.79,20.13,19.61,19.91,Apr 5 2017
2017-04-10,20.61,20.92,20.58,20.83,Apr 7 2017
2017-04-12,20.42,20.56,19.75,19.79,Apr 11 2017
2017-04-17,20.18,20.27,19.91,20.10,Apr 13 2017
2017-04-19,20.16,20.44,20.14,20.37,Apr 18 2017
2017-04-21,20.13,20.43,20.03,20.37,Apr 20 2017
2017-04-25,20.53,20.93,20.39,20.92,Apr 24 2017
2017-04-27,20.78,20.87,20.50,20.58,Apr 26 2017
2017-05-01,20.99,21.82,20.99,21.52,Apr 28 2017
2017-05-03,21.18,21.44,20.70,20.73,May 2 2017
2017-05-05,19.87,20.57,19.79,20.56,May 4 2017
2017-05-09,20.63,21.47,20.61,21.42,May 8 2017
2017-05-11,21.56,21.73,21.31,21.54,May 10 2017
2017-05-15,21.23,21.35,20.84,21.06,May 12 2017
2017-05-17,20.96,20.98,20.37,20.41,May 16 2017
2017-05-19,21.03,21.10,20.68,20.72,May 18 2017
2017-05-23,20.70,20.72,20.23,20.26,May 22 2017
2017-05-25,20.73,21.13,20.52,21.12,May 24 2017
2017-05-30,21.73,22.42,21.72,22.34,May 26 2017
2017-06-01,22.93,22.99,22.49,22.69,May 31 2017
2017-06-05,22.57,23.23,22.28,23.15,Jun 2 2017
2017-06-07,23.76,24.03,23.68,23.98,Jun 6 2017
2017-06-09,24.96,25.12,23.65,23.82,Jun 8 2017
2017-06-13,24.51,25.07,24.44,25.06,Jun 12 2017
2017-06-15,24.83,25.03,24.43,25.02,Jun 14 2017
2017-06-19,25.00,25.11,24.52,24.65,Jun 16 2017
2017-06-21,24.96,25.13,24.53,25.09,Jun 20 2017
2017-06-23,25.50,25.80,25.29,25.56,Jun 22 2017
2017-06-27,25.09,25.09,24.13,24.16,Jun 26 2017
2017-06-29,24.71,24.73,23.61,24.05,Jun 28 2017
2017-07-03,24.68,24.76,23.43,23.51,Jun 30 2017
2017-07-06,21.15,21.39,20.42,20.59,Jul 5 2017
2017-07-10,20.86,21.20,20.21,21.07,Jul 7 2017
2017-07-12,22.03,22.21,21.63,21.97,Jul 11 2017
2017-07-14,21.55,21.89,21.41,21.85,Jul 13 2017
2017-07-18,21.17,21.94,21.04,21.88,Jul 17 2017
2017-07-20,21.79,22.01,21.61,21.99,Jul 19 2017
2017-07-24,22.02,22.89,22.00,22.83,Jul 21 2017
2017-07-26,22.69,23.03,22.54,22.92,Jul 25 2017
2017-07-28,22.46,22.64,22.17,22.34,Jul 27 2017
2017-08-01,21.53,21.63,21.08,21.30,Jul 31 2017
2017-08-03,23.02,23.33,22.88,23.14,Aug 2 2017
2017-08-07,23.82,23.97,23.52,23.68,Aug 4 2017
2017-08-09,24.07,24.67,23.93,24.24,Aug 8 2017
2017-08-11,23.80,24.08,23.57,23.86,Aug 10 2017
2017-08-15,24.35,24.37,23.96,24.16,Aug 14 2017
2017-08-17,24.08,24.22,23.44,23.46,Aug 16 2017
2017-08-21,23.05,23.05,22.12,22.52,Aug 18 2017
2017-08-23,22.60,23.57,22.55,23.52,Aug 22 2017
2017-08-25,23.62,23.71,23.15,23.20,Aug 24 2017
2017-08-29,22.63,23.27,22.58,23.16,Aug 28 2017
2017-08-31,23.57,23.90,23.52,23.73,Aug 30 2017
2017-09-05,23.59,23.70,23.06,23.31,Sep 1 2017
2017-09-07,23.07,23.50,22.90,23.37,Sep 6 2017
2017-09-11,23.42,24.25,23.33,24.25,Sep 8 2017
2017-09-13,24.25,24.54,23.97,24.42,Sep 12 2017
2017-09-15,24.97,25.33,24.85,25.32,Sep 14 2017
2017-09-19,25.33,25.49,24.90,25.01,Sep 18 2017
2017-09-21,24.99,25.12,24.30,24.43,Sep 20 2017
2017-09-25,23.54,23.83,22.86,23.00,Sep 22 2017
2017-09-27,23.33,23.43,22.70,22.73,Sep 26 2017
2017-09-29,22.79,22.98,22.57,22.74,Sep 28 2017
2017-10-03,22.39,23.24,22.09,23.21,Oct 2 2017
2017-10-05,23.73,23.83,23.42,23.69,Oct 4 2017
2017-10-09,23.31,23.45,22.84,22.86,Oct 6 2017
2017-10-11,23.59,23.84,23.41,23.64,Oct 10 2017
2017-10-13,23.80,23.90,23.58,23.70,Oct 12 2017
2017-10-17,23.39,23.75,23.34,23.72,Oct 16 2017
2017-10-19,23.70,23.81,23.21,23.45,Oct 18 2017
2017-10-23,23.33,23.33,22.42,22.47,Oct 20 2017
2017-10-25,22.45,22.50,21.57,21.72,Oct 24 2017
2017-10-27,21.32,21.64,21.11,21.39,Oct 26 2017
2017-10-31,21.35,22.13,21.35,22.10,Oct 30 2017
2017-11-02,20.01,20.58,19.51,19.95,Nov 1 2017
2017-11-06,20.47,20.50,19.93,20.19,Nov 3 2017
2017-11-08,20.37,20.46,20.09,20.29,Nov 7 2017
2017-11-10,20.17,20.56,20.12,20.20,Nov 9 2017
2017-11-14,21.00,21.09,20.46,20.58,Nov 13 2017
2017-11-16,20.93,21.21,20.75,20.83,Nov 15 2017
2017-11-20,20.92,21.03,20.32,20.58,Nov 17 2017
2017-11-22,21.12,21.16,20.79,20.84,Nov 21 2017
2017-11-27,20.88,21.16,20.63,21.12,Nov 24 2017
2017-11-29,21.15,21.20,20.08,20.50,Nov 28 2017
2017-12-01,20.36,20.69,20.34,20.44,Nov 30 2017
2017-12-05,20.13,20.53,20.07,20.25,Dec 4 2017
2017-12-07,20.80,21.24,20.74,20.75,Dec 6 2017
2017-12-11,20.98,21.93,20.92,21.93,Dec 8 2017
2017-12-13,22.73,22.95,22.43,22.60,Dec 12 2017
2017-12-15,22.80,22.93,22.38,22.90,Dec 14 2017
2017-12-19,22.68,22.77,22.02,22.07,Dec 18 2017
2017-12-21,21.97,22.25,21.81,22.11,Dec 20 2017
2017-12-26,21.59,21.60,21.11,21.15,Dec 22 2017
2017-12-28,20.78,21.05,20.64,21.02,Dec 27 2017
2018-01-02,20.80,21.47,20.73,21.37,Dec 29 2017
2018-01-04,20.86,21.24,20.38,20.97,Jan 3 2018
2018-01-08,21.07,22.47,21.03,22.43,Jan 5 2018
2018-01-10,22.15,22.47,22.00,22.32,Jan 9 2018
2018-01-12,22.58,22.69,22.24,22.41,Jan 11 2018
2018-01-17,22.70,23.27,22.65,23.14,Jan 16 2018
2018-01-19,23.00,23.37,22.84,23.33,Jan 18 2018
2018-01-23,24.00,24.03,23.40,23.52,Jan 22 2018
2018-01-25,23.22,23.28,22.43,22.51,Jan 24 2018
2018-01-29,22.66,23.39,22.55,23.30,Jan 26 2018
2018-01-31,23.17,23.75,23.01,23.62,Jan 30 2018
2018-02-02,23.23,23.46,22.70,22.92,Feb 1 2018
2018-02-06,21.68,22.41,21.57,22.26,Feb 5 2018
2018-02-08,22.89,23.24,20.97,21.02,Feb 7 2018
2018-02-12,21.08,21.21,20.42,21.05,Feb 9 2018
2018-02-14,21.39,21.74,21.23,21.49,Feb 13 2018
2018-02-16,22.17,22.87,22.11,22.37,Feb 15 2018
2018-02-21,22.40,22.65,22.21,22.22,Feb 20 2018
2018-02-23,23.19,23.67,23.14,23.47,Feb 22 2018
2018-02-27,23.75,24.00,23.33,23.40,Feb 26 2018
2018-03-01,23.00,23.24,22.00,22.06,Feb 28 2018
2018-03-05,22.16,22.52,21.95,22.22,Mar 2 2018
2018-03-07,21.70,22.17,21.45,22.15,Mar 6 2018
2018-03-09,21.61,21.90,21.49,21.81,Mar 8 2018
2018-03-13,21.91,23.15,21.77,22.79,Mar 12 2018
2018-03-15,21.96,22.19,21.41,21.71,Mar 14 2018
2018-03-19,21.10,21.38,20.64,20.90,Mar 16 2018
2018-03-21,20.68,21.50,20.68,21.10,Mar 20 2018
2018-03-23,20.75,20.75,20.03,20.10,Mar 22 2018
2018-03-27,20.27,20.28,18.48,18.61,Mar 26 2018
2018-03-29,17.10,18.06,16.55,17.74,Mar 28 2018
2018-04-03,17.99,18.22,16.97,17.84,Apr 2 2018
2018-04-05,19.29,20.42,19.21,20.38,Apr 4 2018
2018-04-09,20.02,20.63,19.28,19.31,Apr 6 2018
2018-04-11,20.05,20.60,19.98,20.06,Apr 10 2018
2018-04-13,20.24,20.26,19.73,20.02,Apr 12 2018
2018-04-17,19.26,19.48,18.83,19.18,Apr 16 2018
2018-04-19,19.41,20.07,19.24,20.01,Apr 18 2018
2018-04-23,19.42,19.44,18.82,18.89,Apr 20 2018
2018-04-25,18.90,19.01,18.48,18.71,Apr 24 2018
2018-04-27,19.02,19.63,18.92,19.61,Apr 26 2018
2018-05-01,19.57,20.05,19.55,19.99,Apr 30 2018
2018-05-03,18.59,19.20,18.35,18.96,May 2 2018
2018-05-07,19.83,20.40,19.68,20.18,May 4 2018
2018-05-09,20.03,20.47,20.00,20.46,May 8 2018
2018-05-11,20.51,20.59,19.94,20.07,May 10 2018
2018-05-15,19.00,19.13,18.70,18.95,May 14 2018
2018-05-17,19.06,19.28,18.93,18.97,May 16 2018
2018-05-21,18.76,19.43,18.75,18.97,May 18 2018
2018-05-23,18.52,18.66,18.27,18.60,May 22 2018
2018-05-25,18.51,18.64,18.37,18.59,May 24 2018
2018-05-30,18.89,19.67,18.77,19.45,May 29 2018
2018-06-01,19.06,19.46,18.92,19.45,May 31 2018
2018-06-05,19.85,19.85,19.12,19.41,Jun 4 2018
2018-06-07,21.08,22.00,20.91,21.07,Jun 6 2018
2018-06-11,21.50,22.31,21.50,22.14,Jun 8 2018
2018-06-13,23.11,23.15,22.65,22.99,Jun 12 2018
2018-06-15,23.59,24.31,23.42,23.88,Jun 14 2018
2018-06-19,24.34,24.67,23.08,23.50,Jun 18 2018
2018-06-21,24.13,24.41,23.08,23.17,Jun 20 2018
2018-06-25,22.01,22.56,21.83,22.20,Jun 22 2018
2018-06-27,23.00,23.39,22.63,22.97,Jun 26 2018
2018-06-29,23.56,23.59,22.83,22.86,Jun 28 2018
2018-07-03,22.12,22.17,20.65,20.72,Jul 2 2018
2018-07-06,20.33,20.80,20.13,20.59,Jul 5 2018
2018-07-10,21.64,21.85,21.28,21.50,Jul 9 2018
2018-07-12,21.43,21.55,20.85,21.11,Jul 11 2018
2018-07-16,20.78,21.01,20.42,20.67,Jul 13 2018
2018-07-18,21.67,21.70,21.08,21.59,Jul 17 2018
2018-07-20,21.42,21.55,20.78,20.91,Jul 19 2018
2018-07-24,20.29,20.51,19.50,19.83,Jul 23 2018
2018-07-26,20.32,20.71,20.24,20.44,Jul 25 2018
2018-07-30,19.73,19.74,19.08,19.34,Jul 27 2018
2018-08-01,19.87,20.20,19.53,20.06,Jul 31 2018
2018-08-03,23.19,23.67,22.84,23.21,Aug 2 2018
2018-08-07,22.92,25.83,22.61,25.30,Aug 6 2018
2018-08-09,24.37,24.47,23.05,23.50,Aug 8 2018
2018-08-13,24.08,24.21,23.27,23.76,Aug 10 2018
2018-08-15,22.79,22.97,22.14,22.58,Aug 14 2018
2018-08-17,21.57,21.78,20.24,20.37,Aug 16 2018
2018-08-21,20.71,21.65,20.60,21.46,Aug 20 2018
2018-08-23,21.28,21.82,21.21,21.34,Aug 22 2018
2018-08-27,21.20,21.50,20.59,21.28,Aug 24 2018
2018-08-29,20.68,20.79,20.25,20.33,Aug 28 2018
2018-08-31,20.13,20.35,19.91,20.11,Aug 30 2018
2018-09-05,19.00,19.12,18.48,18.72,Sep 4 2018
2018-09-07,17.34,17.89,16.82,17.55,Sep 6 2018
2018-09-11,18.63,18.80,18.24,18.63,Sep 10 2018
2018-09-13,19.20,19.67,19.01,19.30,Sep 12 2018
2018-09-17,19.34,20.06,19.21,19.66,Sep 14 2018
2018-09-19,18.70,20.00,18.70,19.93,Sep 18 2018
2018-09-21,19.85,20.04,19.69,19.94,Sep 20 2018
2018-09-25,20.00,20.31,19.77,20.07,Sep 24 2018
2018-09-27,20.86,21.00,20.46,20.50,Sep 26 2018
2018-10-01,20.38,20.76,20.07,20.71,Sep 28 2018
2018-10-03,20.22,20.31,19.44,19.65,Oct 2 2018
2018-10-05,18.31,18.33,17.33,17.46,Oct 4 2018
2018-10-09,17.02,17.78,16.89,17.52,Oct 8 2018
2018-10-11,17.17,17.48,16.60,16.82,Oct 10 2018
2018-10-15,17.27,17.55,16.97,17.31,Oct 12 2018
2018-10-17,18.83,18.85,17.72,18.12,Oct 16 2018
2018-10-19,17.83,17.98,16.90,17.33,Oct 18 2018
2018-10-23,17.59,19.86,17.47,19.61,Oct 22 2018
2018-10-25,21.15,21.40,20.07,20.99,Oct 24 2018
2018-10-29,22.50,23.14,21.77,22.32,Oct 26 2018
2018-10-31,22.17,22.80,21.94,22.49,Oct 30 2018
2018-11-02,22.92,23.28,22.73,23.09,Nov 1 2018
2018-11-06,22.60,23.25,22.41,22.74,Nov 5 2018
2018-11-08,23.23,23.84,23.23,23.43,Nov 7 2018
2018-11-12,23.22,23.32,22.02,22.09,Nov 9 2018
2018-11-14,22.85,23.14,22.48,22.93,Nov 13 2018
2018-11-16,23.01,23.71,23.01,23.62,Nov 15 2018
2018-11-20,22.78,23.32,22.24,23.17,Nov 19 2018
2018-11-23,22.29,22.50,21.70,21.72,Nov 21 2018
2018-11-27,22.67,23.13,22.37,22.93,Nov 26 2018
2018-11-29,23.13,23.17,22.64,22.74,Nov 28 2018
2018-12-03,24.00,24.40,23.47,23.90,Nov 30 2018
2018-12-06,23.73,24.49,23.38,24.20,Dec 4 2018
2018-12-10,24.00,24.40,23.54,24.34,Dec 7 2018
2018-12-12,24.63,24.79,24.34,24.44,Dec 11 2018
2018-12-14,25.00,25.19,24.29,24.38,Dec 13 2018
2018-12-18,23.37,23.44,22.25,22.47,Dec 17 2018
2018-12-20,21.80,22.02,20.79,21.03,Dec 19 2018
2018-12-24,20.90,20.97,19.68,19.69,Dec 21 2018
2018-12-27,21.32,21.48,20.10,21.08,Dec 26 2018
2018-12-31,22.52,22.61,21.68,22.19,Dec 28 2018
2019-01-03,20.47,20.63,19.83,20.02,Jan 2 2019
2019-01-07,21.45,22.45,21.18,22.33,Jan 4 2019
2019-01-09,22.37,22.90,22.10,22.57,Jan 8 2019
2019-01-11,22.81,23.23,22.58,23.15,Jan 10 2019
2019-01-15,22.33,23.25,22.30,22.96,Jan 14 2019
2019-01-17,23.08,23.43,22.94,23.15,Jan 16 2019
2019-01-22,20.32,20.53,19.70,19.93,Jan 18 2019
2019-01-24,18.87,19.58,18.62,19.43,Jan 23 2019
2019-01-28,19.53,19.83,19.18,19.76,Jan 25 2019
2019-01-30,20.03,20.60,19.90,20.58,Jan 29 2019
2019-02-01,20.36,21.07,20.23,20.81,Jan 31 2019
2019-02-05,20.83,21.50,20.82,21.42,Feb 4 2019
2019-02-07,20.89,20.98,20.20,20.50,Feb 6 2019
2019-02-11,20.77,21.24,20.70,20.86,Feb 8 2019
2019-02-13,20.82,20.85,20.37,20.54,Feb 12 2019
2019-02-15,20.30,20.53,20.26,20.53,Feb 14 2019
2019-02-20,20.29,20.42,19.93,20.17,Feb 19 2019
2019-02-22,19.63,19.77,19.47,19.65,Feb 21 2019
2019-02-26,19.48,20.13,19.25,19.86,Feb 25 2019
2019-02-28,21.26,21.33,20.72,21.33,Feb 27 2019
2019-03-04,19.87,19.93,18.85,19.02,Mar 1 2019
2019-03-06,18.43,18.77,18.29,18.42,Mar 5 2019
2019-03-08,18.46,19.04,18.39,18.94,Mar 7 2019
2019-03-12,19.10,19.20,18.74,18.89,Mar 11 2019
2019-03-14,19.50,19.69,19.22,19.33,Mar 13 2019
2019-03-18,18.40,18.54,17.82,17.97,Mar 15 2019
2019-03-20,17.98,18.33,17.75,18.24,Mar 19 2019
2019-03-22,18.17,18.19,17.60,17.64,Mar 21 2019
2019-03-26,17.63,18.02,17.63,17.85,Mar 25 2019
2019-03-28,18.48,18.69,18.34,18.57,Mar 27 2019
2019-04-01,18.84,19.28,18.75,19.28,Mar 29 2019
2019-04-03,19.15,19.74,19.14,19.45,Apr 2 2019
2019-04-05,17.99,18.41,17.74,18.33,Apr 4 2019
2019-04-09,18.11,18.33,17.97,18.15,Apr 8 2019
2019-04-11,17.89,18.03,17.71,17.89,Apr 10 2019
2019-04-15,17.91,17.93,17.24,17.76,Apr 12 2019
2019-04-17,18.32,18.32,17.90,18.08,Apr 16 2019
2019-04-22,17.93,17.98,17.50,17.52,Apr 18 2019
2019-04-24,17.59,17.69,17.20,17.24,Apr 23 2019
2019-04-26,16.43,16.45,15.41,15.68,Apr 25 2019
2019-04-30,16.14,16.28,15.80,15.91,Apr 29 2019
2019-05-02,16.37,16.48,15.85,16.27,May 1 2019
2019-05-06,16.67,17.22,16.57,17.02,May 3 2019
2019-05-08,16.46,16.71,16.28,16.32,May 7 2019
2019-05-10,15.98,16.13,15.73,15.97,May 9 2019
2019-05-14,15.29,15.63,15.20,15.49,May 13 2019
2019-05-16,15.30,15.40,15.10,15.22,May 15 2019
2019-05-20,13.52,13.73,13.02,13.69,May 17 2019
2019-05-22,13.27,13.60,12.79,12.85,May 21 2019
2019-05-24,13.32,13.33,12.58,12.71,May 23 2019
2019-05-29,12.47,12.83,12.34,12.66,May 28 2019
2019-05-31,12.34,12.66,12.27,12.34,May 30 2019
2019-06-04,12.07,12.93,11.97,12.91,Jun 3 2019
2019-06-06,13.63,14.07,13.45,13.73,Jun 5 2019
2019-06-10,14.02,14.46,13.93,14.19,Jun 7 2019
2019-06-12,14.86,14.89,13.93,13.95,Jun 11 2019
2019-06-14,14.08,14.44,14.03,14.33,Jun 13 2019
2019-06-18,15.25,15.65,14.84,14.98,Jun 17 2019
2019-06-20,14.87,15.13,14.42,14.64,Jun 19 2019
2019-06-24,14.88,15.06,14.73,14.91,Jun 21 2019
2019-06-26,14.69,15.15,14.54,14.62,Jun 25 2019
2019-06-28,14.73,15.01,14.72,14.90,Jun 27 2019
2019-07-02,15.26,15.28,14.81,14.97,Jul 1 2019
2019-07-05,15.64,15.70,15.39,15.54,Jul 3 2019
2019-07-09,15.26,15.40,15.15,15.34,Jul 8 2019
2019-07-11,15.88,16.10,15.72,15.91,Jul 10 2019
2019-07-15,16.53,16.96,16.32,16.90,Jul 12 2019
2019-07-17,17.04,17.22,16.89,16.99,Jul 16 2019
2019-07-19,17.05,17.33,16.97,17.21,Jul 18 2019
2019-07-23,17.11,17.37,16.97,17.34,Jul 22 2019
2019-07-25,15.57,15.63,15.04,15.25,Jul 24 2019
2019-07-29,15.14,15.73,15.07,15.72,Jul 26 2019
2019-07-31,16.20,16.45,15.78,16.11,Jul 30 2019
2019-08-02,15.42,15.75,15.28,15.62,Aug 1 2019
2019-08-06,15.46,15.50,15.05,15.38,Aug 5 2019
2019-08-08,15.63,15.99,15.51,15.89,Aug 7 2019
2019-08-12,15.53,15.72,15.25,15.27,Aug 9 2019
2019-08-14,15.41,15.43,14.45,14.64,Aug 13 2019
2019-08-16,14.44,14.82,14.40,14.66,Aug 15 2019
2019-08-20,15.17,15.27,14.97,15.06,Aug 19 2019
2019-08-22,14.85,15.03,14.55,14.81,Aug 21 2019
2019-08-26,14.24,14.33,14.10,14.33,Aug 23 2019
2019-08-28,14.25,14.48,14.15,14.37,Aug 27 2019
2019-08-30,15.28,15.50,14.95,15.04,Aug 29 2019
2019-09-04,15.13,15.23,14.61,14.71,Sep 3 2019
2019-09-06,15.15,15.31,15.01,15.16,Sep 5 2019
2019-09-10,15.39,15.70,15.26,15.70,Sep 9 2019
2019-09-12,16.51,16.90,16.29,16.39,Sep 11 2019
2019-09-16,16.40,16.50,16.08,16.19,Sep 13 2019
2019-09-18,16.33,16.54,16.16,16.23,Sep 17 2019
2019-09-20,16.43,16.46,15.88,16.04,Sep 19 2019
2019-09-24,16.10,16.13,14.84,14.88,Sep 23 2019
2019-09-26,15.38,16.22,15.16,16.17,Sep 25 2019
2019-09-30,16.20,16.27,15.74,16.06,Sep 27 2019
2019-10-02,16.22,16.31,15.96,16.21,Oct 1 2019
2019-10-04,15.44,15.65,15.20,15.43,Oct 3 2019
2019-10-08,15.72,16.26,15.63,16.00,Oct 7 2019
2019-10-10,16.35,16.62,16.11,16.32,Oct 9 2019
2019-10-14,16.53,17.24,16.48,17.13,Oct 11 2019
2019-10-16,17.16,17.47,17.13,17.32,Oct 15 2019
2019-10-18,17.38,17.52,17.01,17.13,Oct 17 2019
2019-10-22,16.95,17.22,16.72,17.04,Oct 21 2019
2019-10-24,19.89,20.33,19.28,19.98,Oct 23 2019
2019-10-28,21.84,22.72,21.51,21.85,Oct 25 2019
2019-10-30,20.87,21.25,20.66,21.00,Oct 29 2019
2019-11-01,21.09,21.10,20.65,20.89,Oct 31 2019
2019-11-05,21.31,21.57,21.07,21.15,Nov 4 2019
2019-11-07,21.94,22.77,21.87,22.37,Nov 6 2019
2019-11-11,22.93,23.28,22.80,23.01,Nov 8 2019
2019-11-13,23.67,23.76,23.01,23.07,Nov 12 2019
2019-11-15,23.38,23.52,23.22,23.48,Nov 14 2019
2019-11-19,23.45,24.00,23.19,23.97,Nov 18 2019
2019-11-21,23.63,24.06,23.60,23.66,Nov 20 2019
2019-11-25,22.95,22.97,22.30,22.42,Nov 22 2019
2019-11-27,22.07,22.26,21.90,22.09,Nov 26 2019
2019-12-02,21.96,22.43,21.91,22.32,Nov 29 2019
2019-12-04,22.52,22.52,22.19,22.20,Dec 3 2019
2019-12-06,22.33,22.59,22.32,22.39,Dec 5 2019
2019-12-10,22.66,23.38,22.62,23.26,Dec 9 2019
2019-12-12,23.66,24.18,23.55,23.98,Dec 11 2019
2019-12-16,24.17,25.57,24.17,25.43,Dec 13 2019
2019-12-18,25.38,26.35,25.37,26.21,Dec 17 2019
2019-12-20,27.35,27.53,26.68,27.04,Dec 19 2019
2019-12-24,27.89,28.36,27.51,28.35,Dec 23 2019
2019-12-27,29.00,29.02,28.41,28.69,Dec 26 2019
2019-12-31,27.00,28.09,26.81,27.89,Dec 30 2019
2020-01-03,29.37,30.27,29.13,29.53,Jan 2 2020
2020-01-07,30.76,31.44,30.22,31.27,Jan 6 2020
2020-01-09,33.14,33.25,31.52,32.09,Jan 8 2020
2020-01-13,32.90,35.04,32.80,34.99,Jan 10 2020
2020-01-15,35.32,35.86,34.45,34.57,Jan 14 2020
2020-01-17,33.84,34.38,33.54,34.03,Jan 16 2020
2020-01-22,38.13,39.63,37.27,37.97,Jan 21 2020
2020-01-24,38.04,38.26,36.95,37.65,Jan 23 2020
2020-01-28,37.90,38.45,37.21,37.79,Jan 27 2020
2020-01-30,42.16,43.39,41.20,42.72,Jan 29 2020
2020-02-03,44.91,52.41,44.90,52.00,Jan 31 2020
2020-02-05,54.88,56.40,46.94,48.98,Feb 4 2020
2020-02-07,48.70,51.32,48.67,49.87,Feb 6 2020
2020-02-11,51.25,52.23,50.53,51.63,Feb 10 2020
2020-02-13,49.46,54.53,49.00,53.60,Feb 12 2020
2020-02-18,56.11,57.33,55.49,57.23,Feb 14 2020
2020-02-20,60.80,60.80,57.33,59.96,Feb 19 2020
2020-02-24,55.93,57.57,54.81,55.59,Feb 21 2020
2020-02-26,52.17,54.22,51.74,51.92,Feb 25 2020
2020-02-28,41.98,46.03,40.77,44.53,Feb 27 2020
2020-03-03,53.67,53.80,47.74,49.70,Mar 2 2020
2020-03-05,48.25,49.72,47.87,48.30,Mar 4 2020
2020-03-09,40.36,44.20,40.33,40.53,Mar 6 2020
2020-03-11,42.68,43.57,40.87,42.28,Mar 10 2020
2020-03-13,39.67,40.50,33.47,36.44,Mar 12 2020
2020-03-17,29.33,31.46,26.40,28.68,Mar 16 2020
2020-03-19,24.98,30.13,23.90,28.51,Mar 18 2020
2020-03-23,28.91,29.47,27.37,28.95,Mar 20 2020
2020-03-25,36.35,37.13,34.07,35.95,Mar 24 2020
2020-03-27,33.67,35.05,32.94,34.29,Mar 26 2020
2020-03-31,33.42,36.20,33.13,34.93,Mar 30 2020
2020-04-02,32.07,32.95,29.76,30.30,Apr 1 2020
2020-04-06,34.08,34.73,33.20,34.42,Apr 3 2020
2020-04-08,36.95,37.15,35.56,36.59,Apr 7 2020
2020-04-13,39.34,43.47,38.70,43.40,Apr 9 2020
2020-04-15,49.47,50.21,47.33,48.66,Apr 14 2020
2020-04-17,51.49,51.66,49.84,50.26,Apr 16 2020
2020-04-21,48.67,50.22,44.92,45.78,Apr 20 2020
2020-04-23,48.51,48.93,46.88,47.04,Apr 22 2020
2020-04-27,49.17,53.30,49.00,53.25,Apr 24 2020
2020-04-29,52.68,53.55,52.21,53.37,Apr 28 2020
2020-05-01,50.33,51.52,45.54,46.75,Apr 30 2020
2020-05-05,52.65,53.26,50.81,51.21,May 4 2020
2020-05-07,51.81,53.09,51.49,52.00,May 6 2020
2020-05-11,52.70,54.93,52.33,54.09,May 8 2020
2020-05-13,54.72,55.07,50.89,52.73,May 12 2020
2020-05-15,52.69,53.67,52.44,53.28,May 14 2020
2020-05-19,54.34,54.80,53.74,53.87,May 18 2020
2020-05-21,54.40,55.50,53.07,55.17,May 20 2020
2020-05-26,55.63,55.64,54.38,54.59,May 22 2020
2020-05-28,54.23,54.98,53.45,53.72,May 27 2020
2020-06-01,57.20,59.93,56.94,59.87,May 29 2020
2020-06-03,59.21,59.86,58.67,58.86,Jun 2 2020
2020-06-05,58.52,59.10,57.75,59.04,Jun 4 2020
2020-06-09,62.67,63.63,61.60,62.71,Jun 8 2020
2020-06-11,66.01,67.93,64.80,64.86,Jun 10 2020
2020-06-15,61.19,66.59,60.57,66.06,Jun 12 2020
2020-06-17,65.85,67.00,65.50,66.12,Jun 16 2020
2020-06-19,67.52,67.73,66.09,66.73,Jun 18 2020
2020-06-23,66.59,67.47,66.27,66.79,Jun 22 2020
2020-06-25,63.62,65.73,62.48,65.73,Jun 24 2020
2020-06-29,64.60,67.33,63.23,67.29,Jun 26 2020
2020-07-01,72.20,75.69,72.03,74.64,Jun 30 2020
2020-07-06,85.11,91.85,84.40,91.44,Jul 2 2020
2020-07-08,93.67,94.48,87.42,91.06,Jul 7 2020
2020-07-10,93.07,103.26,91.73,102.98,Jul 9 2020
2020-07-14,103.73,106.00,95.40,101.12,Jul 13 2020
2020-07-16,98.48,102.11,97.73,100.04,Jul 15 2020
2020-07-20,101.27,110.00,99.20,109.53,Jul 17 2020
2020-07-22,106.60,108.43,104.13,106.16,Jul 21 2020
2020-07-24,94.40,97.67,91.10,94.47,Jul 23 2020
2020-07-28,100.27,104.31,98.29,98.43,Jul 27 2020
2020-07-30,99.20,100.88,98.07,99.17,Jul 29 2020
2020-08-03,96.61,100.65,96.29,99.00,Jul 31 2020
2020-08-05,99.53,99.99,97.89,99.00,Aug 4 2020
2020-08-07,99.97,99.98,94.33,96.85,Aug 6 2020
2020-08-11,93.07,94.67,91.00,91.63,Aug 10 2020
2020-08-13,107.40,110.08,104.48,108.07,Aug 12 2020
2020-08-17,111.80,123.06,111.52,122.38,Aug 14 2020
2020-08-19,124.33,127.40,122.75,125.24,Aug 18 2020
2020-08-21,136.32,139.70,135.00,136.67,Aug 20 2020
2020-08-25,131.66,135.20,131.20,134.89,Aug 24 2020
2020-08-27,145.36,153.04,142.83,149.25,Aug 26 2020
2020-08-31,148.20,166.71,146.70,166.11,Aug 28 2020
2020-09-01,167.38,167.50,156.84,158.35,Aug 31 2020
2020-09-03,135.74,143.93,134.00,135.67,Sep 2 2020
2020-09-08,118.67,122.91,109.96,110.07,Sep 4 2020
2020-09-10,128.74,133.00,120.19,123.78,Sep 9 2020
2020-09-14,126.98,140.00,124.43,139.87,Sep 11 2020
2020-09-16,146.62,152.60,145.10,147.25,Sep 15 2020
2020-09-18,149.31,150.33,142.93,147.38,Sep 17 2020
2020-09-22,143.20,145.92,139.20,141.41,Sep 21 2020
2020-09-24,121.27,133.17,117.10,129.26,Sep 23 2020
2020-09-28,141.54,142.69,138.52,140.40,Sep 25 2020
2020-09-30,140.44,144.64,140.16,143.00,Sep 29 2020
2020-10-02,140.46,146.38,138.33,138.36,Oct 1 2020
2020-10-06,141.26,142.93,135.35,137.99,Oct 5 2020
2020-10-08,146.15,146.33,141.77,141.97,Oct 7 2020
2020-10-12,147.33,149.58,146.19,147.43,Oct 9 2020
2020-10-14,149.93,155.30,149.12,153.77,Oct 13 2020
2020-10-16,151.48,151.98,146.28,146.56,Oct 15 2020
2020-10-20,143.92,143.92,139.68,140.65,Oct 19 2020
2020-10-22,147.31,148.41,141.50,141.93,Oct 21 2020
2020-10-26,137.21,141.92,136.67,140.09,Oct 23 2020
2020-10-28,138.83,139.53,135.33,135.34,Oct 27 2020
2020-10-30,135.63,135.86,126.37,129.35,Oct 29 2020
2020-11-03,136.58,142.59,135.56,141.30,Nov 2 2020
2020-11-05,142.77,146.67,141.33,146.03,Nov 4 2020
2020-11-09,146.50,150.83,140.33,140.42,Nov 6 2020
2020-11-11,138.82,139.57,136.86,139.04,Nov 10 2020
2020-11-13,136.95,137.51,133.89,136.17,Nov 12 2020
2020-11-17,153.39,154.00,144.34,147.20,Nov 16 2020
2020-11-19,164.00,169.54,162.52,166.42,Nov 18 2020
2020-11-23,167.83,175.33,167.26,173.95,Nov 20 2020
2020-11-25,183.35,191.33,181.79,191.33,Nov 24 2020
2020-11-30,200.74,202.60,184.84,189.20,Nov 27 2020
2020-12-02,185.48,190.51,180.40,189.61,Dec 1 2020
2020-12-04,197.00,199.68,195.17,199.68,Dec 3 2020
2020-12-08,208.50,217.09,206.17,216.63,Dec 7 2020
2020-12-10,191.46,209.25,188.78,209.02,Dec 9 2020
2020-12-14,206.33,214.25,203.40,213.28,Dec 11 2020
2020-12-16,209.41,210.83,201.67,207.59,Dec 15 2020
2020-12-18,222.97,231.67,209.51,231.67,Dec 17 2020
2020-12-22,216.00,216.63,204.74,213.45,Dec 21 2020
2020-12-24,214.33,222.03,213.67,220.59,Dec 23 2020
2020-12-29,220.33,223.30,218.33,222.00,Dec 28 2020
2020-12-31,233.33,239.57,230.37,235.22,Dec 30 2020
2021-01-05,241.22,246.95,239.73,245.04,Jan 4 2021
2021-01-07,259.21,272.33,258.40,272.01,Jan 6 2021
2021-01-11,283.13,284.81,267.87,270.40,Jan 8 2021
2021-01-13,284.25,286.82,277.33,284.80,Jan 12 2021
2021-01-15,284.00,286.63,273.03,275.39,Jan 14 2021
2021-01-20,286.25,286.50,279.09,283.48,Jan 19 2021
2021-01-22,278.10,282.67,276.21,282.21,Jan 21 2021
2021-01-26,297.13,298.63,290.53,294.36,Jan 25 2021
2021-01-28,273.33,282.67,267.00,278.48,Jan 27 2021
2021-02-01,271.43,280.67,265.19,279.94,Jan 29 2021
2021-02-03,292.34,292.69,284.35,284.90,Feb 2 2021
2021-02-05,281.67,288.26,279.66,284.08,Feb 4 2021
2021-02-09,285.04,286.60,280.58,283.15,Feb 8 2021
2021-02-11,270.81,276.63,267.24,270.55,Feb 10 2021
2021-02-16,272.67,273.67,264.15,265.41,Feb 12 2021
2021-02-18,260.30,264.90,258.76,262.46,Feb 17 2021
2021-02-22,254.21,256.17,236.73,238.17,Feb 19 2021
2021-02-24,237.28,248.33,231.39,247.34,Feb 23 2021
2021-02-26,233.33,235.57,219.84,225.17,Feb 25 2021
2021-03-02,239.43,240.37,228.33,228.81,Mar 1 2021
2021-03-04,218.60,222.82,200.00,207.15,Mar 3 2021
2021-03-08,200.18,206.71,186.26,187.67,Mar 5 2021
2021-03-10,233.43,239.28,218.35,222.69,Mar 9 2021
2021-03-12,223.33,231.63,222.05,231.24,Mar 11 2021
2021-03-16,234.45,235.97,223.67,225.63,Mar 15 2021
2021-03-18,228.10,229.74,217.33,217.72,Mar 17 2021
2021-03-22,228.20,233.21,222.92,223.33,Mar 19 2021
2021-03-24,222.64,222.67,210.04,210.09,Mar 23 2021
2021-03-26,213.96,214.61,199.96,206.24,Mar 25 2021
2021-03-30,200.58,212.55,197.00,211.87,Mar 29 2021
2021-04-01,229.46,230.81,219.81,220.58,Mar 31 2021
2021-04-06,230.10,232.18,227.12,230.54,Apr 5 2021
2021-04-08,225.79,229.85,223.88,227.93,Apr 7 2021
2021-04-12,228.57,234.93,227.36,233.99,Apr 9 2021
2021-04-14,256.90,260.26,242.68,244.08,Apr 13 2021
2021-04-16,242.88,249.80,241.53,246.59,Apr 15 2021
2021-04-20,239.14,245.75,236.90,239.66,Apr 19 2021
2021-04-22,247.17,251.26,239.35,239.90,Apr 21 2021
2021-04-26,247.00,249.77,244.20,246.07,Apr 23 2021
2021-04-28,232.14,236.17,231.20,231.47,Apr 27 2021
2021-04-30,222.53,238.49,222.05,236.48,Apr 29 2021
2021-05-04,226.31,227.82,219.23,224.53,May 3 2021
2021-05-06,226.92,227.01,216.67,221.18,May 5 2021
2021-05-10,221.63,221.68,209.20,209.68,May 7 2021
2021-05-12,200.83,206.80,195.59,196.63,May 11 2021
2021-05-14,194.47,197.62,190.15,196.58,May 13 2021
2021-05-18,189.33,198.75,187.79,192.62,May 17 2021
2021-05-20,191.67,196.28,190.36,195.59,May 19 2021
2021-05-24,193.87,204.83,191.22,202.15,May 21 2021
2021-05-26,202.52,208.72,200.50,206.38,May 25 2021
2021-05-28,209.50,211.86,207.46,208.41,May 27 2021
2021-06-02,206.71,207.79,199.71,201.71,Jun 1 2021
2021-06-04,193.24,200.20,192.40,199.68,Jun 3 2021
2021-06-08,207.67,207.70,198.50,201.20,Jun 7 2021
2021-06-10,201.29,205.53,200.17,203.37,Jun 9 2021
2021-06-14,204.08,208.50,203.06,205.90,Jun 11 2021
2021-06-16,199.18,202.83,197.83,201.62,Jun 15 2021
2021-06-18,204.46,209.45,203.93,207.77,Jun 17 2021
2021-06-22,206.08,209.52,205.17,207.90,Jun 21 2021
2021-06-24,225.00,232.54,222.54,226.61,Jun 23 2021
2021-06-28,223.88,231.57,223.44,229.57,Jun 25 2021
2021-06-30,226.59,230.94,226.05,226.57,Jun 29 2021
2021-07-02,226.33,233.33,224.42,226.30,Jul 1 2021
2021-07-07,221.42,221.90,212.77,214.88,Jul 6 2021
2021-07-09,217.73,219.64,214.90,218.98,Jul 8 2021
2021-07-13,228.77,231.09,222.10,222.85,Jul 12 2021
2021-07-15,219.46,222.05,212.63,216.87,Jul 14 2021
2021-07-19,209.96,215.73,207.10,215.41,Jul 16 2021
2021-07-21,219.87,221.62,216.76,218.43,Jul 20 2021
2021-07-23,215.45,216.27,212.43,214.46,Jul 22 2021
2021-07-27,221.13,222.17,209.08,214.93,Jul 26 2021
2021-07-29,216.60,227.90,216.27,225.78,Jul 28 2021
2021-08-02,233.33,242.31,232.80,236.56,Jul 30 2021
2021-08-04,237.00,241.63,236.31,236.97,Aug 3 2021
2021-08-06,237.30,238.78,232.54,233.03,Aug 5 2021
2021-08-10,238.00,238.86,233.96,236.66,Aug 9 2021
2021-08-12,235.45,240.93,233.13,240.75,Aug 11 2021
2021-08-16,235.02,236.50,225.47,228.72,Aug 13 2021
2021-08-18,223.25,231.92,223.12,229.66,Aug 17 2021
2021-08-20,227.62,230.71,224.57,226.75,Aug 19 2021
2021-08-24,236.89,238.41,234.21,236.16,Aug 23 2021
2021-08-26,236.10,238.47,232.54,233.72,Aug 25 2021
2021-08-30,238.24,243.67,237.58,243.64,Aug 27 2021
2021-09-01,244.69,247.33,243.76,244.70,Aug 31 2021
2021-09-03,244.08,244.67,241.40,244.52,Sep 2 2021
2021-09-08,253.86,254.82,246.92,251.29,Sep 7 2021
2021-09-10,253.20,254.20,244.84,245.42,Sep 9 2021
2021-09-14,247.52,251.49,245.47,248.16,Sep 13 2021
2021-09-16,250.94,252.97,249.20,252.33,Sep 15 2021
2021-09-20,244.85,247.33,239.54,243.39,Sep 17 2021
2021-09-22,247.84,251.22,246.37,250.65,Sep 21 2021
2021-09-24,248.63,258.27,248.19,258.13,Sep 23 2021
2021-09-28,262.40,265.21,255.39,259.19,Sep 27 2021
2021-09-30,260.33,263.04,258.33,258.49,Sep 29 2021
2021-10-04,265.50,268.99,258.71,260.51,Oct 1 2021
2021-10-06,258.73,262.22,257.74,260.92,Oct 5 2021
2021-10-08,265.40,265.46,260.30,261.83,Oct 7 2021
2021-10-12,266.98,270.77,265.52,268.57,Oct 11 2021
2021-10-14,271.83,273.42,271.12,272.77,Oct 13 2021
2021-10-18,283.93,291.75,283.82,290.04,Oct 15 2021
2021-10-20,288.45,289.83,285.79,288.60,Oct 19 2021
2021-10-22,298.50,303.33,296.99,303.23,Oct 21 2021
2021-10-26,341.56,364.98,333.81,339.48,Oct 25 2021
2021-10-28,356.10,360.33,351.40,359.01,Oct 27 2021
2021-11-01,381.67,403.25,372.89,402.86,Oct 29 2021
2021-11-03,392.44,405.13,384.21,404.62,Nov 2 2021
2021-11-05,409.33,413.29,402.67,407.36,Nov 4 2021
2021-11-09,391.20,391.50,337.17,341.17,Nov 8 2021
2021-11-11,367.59,368.32,351.56,354.50,Nov 10 2021
2021-11-15,339.21,343.99,326.20,337.80,Nov 12 2021
2021-11-17,354.50,373.21,351.83,363.00,Nov 16 2021
2021-11-19,366.29,379.57,364.23,379.02,Nov 18 2021
2021-11-23,389.17,393.50,354.23,369.68,Nov 22 2021
2021-11-26,366.49,369.59,360.33,360.64,Nov 24 2021
2021-11-30,381.46,389.33,372.67,381.59,Nov 29 2021
2021-12-02,366.35,371.00,352.22,361.53,Dec 1 2021
2021-12-06,333.84,340.55,316.83,336.34,Dec 3 2021
2021-12-08,350.90,357.46,344.33,356.32,Dec 7 2021
2021-12-10,336.25,340.33,327.51,339.01,Dec 9 2021
2021-12-14,315.00,322.14,310.00,319.50,Dec 13 2021
2021-12-16,331.50,331.66,307.28,308.97,Dec 15 2021
2021-12-20,303.57,307.23,297.80,299.98,Dec 17 2021
2021-12-22,321.89,338.55,319.02,336.29,Dec 21 2021
2021-12-27,357.89,372.33,356.91,364.65,Dec 23 2021
2021-12-29,366.21,368.00,354.71,362.06,Dec 28 2021
2021-12-31,357.81,360.67,351.53,352.26,Dec 30 2021
2022-01-04,396.52,402.67,374.35,383.20,Jan 3 2022
2022-01-06,359.00,362.67,340.17,354.90,Jan 5 2022
2022-01-10,333.33,353.03,326.67,352.71,Jan 7 2022
2022-01-12,359.62,371.61,357.53,368.74,Jan 11 2022
2022-01-14,339.96,350.67,337.79,349.87,Jan 13 2022
2022-01-19,347.24,351.56,331.67,331.88,Jan 18 2022
2022-01-21,332.11,334.85,313.50,314.63,Jan 20 2022
2022-01-25,304.73,317.09,301.07,306.13,Jan 24 2022
2022-01-27,311.12,311.80,276.33,276.37,Jan 26 2022
2022-01-31,290.90,312.66,287.35,312.24,Jan 28 2022
2022-02-02,309.39,310.50,296.47,301.89,Feb 1 2022
2022-02-04,299.07,312.17,293.72,307.77,Feb 3 2022
2022-02-08,301.84,308.76,298.27,307.33,Feb 7 2022
2022-02-10,302.79,314.60,298.90,301.52,Feb 9 2022
2022-02-14,287.19,299.63,284.38,291.92,Feb 11 2022
2022-02-16,304.68,308.81,300.40,307.80,Feb 15 2022
2022-02-18,295.33,295.62,279.20,285.66,Feb 17 2022
2022-02-23,276.81,278.43,253.52,254.68,Feb 22 2022
2022-02-25,269.74,273.17,260.80,269.96,Feb 24 2022
2022-03-01,289.89,296.63,284.59,288.12,Feb 28 2022
2022-03-03,292.92,295.48,277.53,279.76,Mar 2 2022
2022-03-07,285.43,288.71,268.19,268.19,Mar 4 2022
2022-03-09,279.83,286.85,277.34,286.32,Mar 8 2022
2022-03-11,280.07,281.27,264.59,265.12,Mar 10 2022
2022-03-15,258.42,268.52,252.19,267.30,Mar 14 2022
2022-03-17,277.00,291.67,275.24,290.53,Mar 16 2022
2022-03-21,304.99,314.28,302.36,307.05,Mar 18 2022
2022-03-23,326.65,346.90,325.47,333.04,Mar 22 2022
2022-03-25,336.00,340.60,332.44,336.88,Mar 24 2022
2022-03-29,369.33,371.59,357.70,366.52,Mar 28 2022
2022-03-31,364.86,367.71,358.88,359.20,Mar 30 2022
2022-04-04,363.13,383.30,357.51,381.82,Apr 1 2022
2022-04-06,357.82,359.67,342.57,348.59,Apr 5 2022
2022-04-08,347.74,349.48,340.81,341.83,Apr 7 2022
2022-04-12,332.55,340.40,325.53,328.98,Apr 11 2022
2022-04-14,333.10,337.57,327.40,328.33,Apr 13 2022
2022-04-19,335.02,344.98,331.78,342.72,Apr 18 2022
2022-04-21,358.24,364.07,332.14,336.26,Apr 20 2022
2022-04-25,326.32,336.21,325.10,332.67,Apr 22 2022
2022-04-27,299.53,306.00,292.45,293.84,Apr 26 2022
2022-04-29,300.75,311.47,290.00,290.25,Apr 28 2022
2022-05-03,301.06,308.03,296.20,303.08,May 2 2022
2022-05-05,313.01,315.20,285.90,291.09,May 4 2022
2022-05-09,278.82,281.88,260.38,262.37,May 6 2022
2022-05-11,265.00,269.92,242.40,244.67,May 10 2022
2022-05-13,257.83,262.45,250.52,256.53,May 12 2022
2022-05-17,249.12,254.83,242.95,253.87,May 16 2022
2022-05-19,235.67,244.67,231.37,236.47,May 18 2022
2022-05-23,218.34,226.65,212.69,224.97,May 20 2022
2022-05-25,207.95,223.11,207.67,219.60,May 24 2022
2022-05-27,241.08,253.27,240.18,253.21,May 26 2022
2022-06-01,251.72,257.33,243.64,246.79,May 31 2022
2022-06-03,243.23,247.80,233.42,234.52,Jun 2 2022
2022-06-07,234.00,240.00,230.09,238.89,Jun 6 2022
2022-06-09,249.34,255.55,239.33,239.71,Jun 8 2022
2022-06-13,223.17,226.63,214.68,215.74,Jun 10 2022
2022-06-15,220.92,235.66,218.15,233.00,Jun 14 2022
2022-06-17,213.43,220.97,213.20,216.76,Jun 16 2022
2022-06-22,234.50,246.83,233.83,236.09,Jun 21 2022
2022-06-24,237.47,246.07,236.09,245.71,Jun 23 2022
2022-06-28,244.48,249.97,232.34,232.66,Jun 27 2022
2022-06-30,224.51,229.46,218.86,224.47,Jun 29 2022
2022-07-05,223.00,233.15,216.17,233.07,Jul 1 2022
2022-07-07,233.92,245.36,232.21,244.54,Jul 6 2022
2022-07-11,252.10,253.06,233.63,234.34,Jul 8 2022
2022-07-13,225.50,242.06,225.03,237.04,Jul 12 2022
2022-07-15,240.00,243.62,236.89,240.07,Jul 14 2022
2022-07-19,245.00,247.14,236.98,245.53,Jul 18 2022
2022-07-21,255.11,273.27,254.87,271.71,Jul 20 2022
2022-07-25,272.22,274.15,267.40,268.43,Jul 22 2022
2022-07-27,263.81,275.93,261.79,274.82,Jul 26 2022
2022-07-29,280.70,298.32,279.10,297.15,Jul 28 2022
2022-08-02,294.00,307.83,292.67,300.59,Aug 1 2022
2022-08-04,311.00,313.61,305.00,308.63,Aug 3 2022
2022-08-08,295.00,305.20,289.09,290.42,Aug 5 2022
2022-08-10,297.07,297.51,283.37,294.36,Aug 9 2022
2022-08-12,289.42,300.16,285.03,300.03,Aug 11 2022
2022-08-16,311.67,314.67,302.88,306.56,Aug 15 2022
2022-08-18,306.00,306.50,301.85,302.87,Aug 17 2022
2022-08-22,291.91,292.40,286.30,289.91,Aug 19 2022
2022-08-24,297.56,303.65,296.50,297.10,Aug 23 2022
2022-08-25,3:1 Stock Splits,Dividends on any given ex-date include regular and any special dividends,Aug 25 2022,302.36,296.07
2022-08-29,282.83,287.74,280.70,284.82,Aug 26 2022
2022-08-31,280.62,281.25,271.81,275.61,Aug 30 2022
2022-09-02,281.07,282.35,269.08,270.21,Sep 1 2022
2022-09-07,273.10,283.84,272.27,283.70,Sep 6 2022
2022-09-09,291.67,299.85,291.25,299.68,Sep 8 2022
2022-09-13,292.90,297.40,290.40,292.13,Sep 12 2022
2022-09-15,301.83,309.12,300.72,303.75,Sep 14 2022
2022-09-19,300.09,309.84,297.80,309.07,Sep 16 2022
2022-09-21,308.29,313.80,300.63,300.80,Sep 20 2022
2022-09-23,283.09,284.50,272.82,275.33,Sep 22 2022
2022-09-27,283.84,288.67,277.51,282.94,Sep 26 2022
2022-09-29,282.76,283.65,265.78,268.21,Sep 28 2022
2022-10-03,254.50,255.16,241.01,242.40,Sep 30 2022
2022-10-05,245.01,246.67,233.27,240.81,Oct 4 2022
2022-10-07,233.94,234.57,222.02,223.07,Oct 6 2022
2022-10-11,220.95,225.75,215.00,216.50,Oct 10 2022
2022-10-13,208.30,222.99,206.22,221.72,Oct 12 2022
2022-10-17,210.04,221.86,209.45,219.35,Oct 14 2022
2022-10-19,219.80,222.93,217.78,222.04,Oct 18 2022
2022-10-21,206.42,214.66,203.80,214.44,Oct 20 2022
2022-10-25,210.10,224.35,210.00,222.42,Oct 24 2022
2022-10-27,229.77,233.81,222.85,225.09,Oct 26 2022
2022-10-31,226.19,229.85,221.94,227.54,Oct 28 2022
2022-11-02,226.04,227.87,214.82,214.98,Nov 1 2022
2022-11-04,222.60,223.80,203.08,207.47,Nov 3 2022
2022-11-08,194.02,195.20,186.75,191.30,Nov 7 2022
2022-11-10,189.90,191.00,180.03,190.72,Nov 9 2022
2022-11-14,192.77,195.73,186.34,190.95,Nov 11 2022
2022-11-16,191.51,192.57,185.66,186.92,Nov 15 2022
2022-11-18,185.05,185.19,176.55,180.19,Nov 17 2022
2022-11-22,168.63,170.92,166.19,169.91,Nov 21 2022
2022-11-25,185.06,185.20,180.63,182.86,Nov 23 2022
2022-11-29,184.99,186.38,178.75,180.83,Nov 28 2022
2022-12-01,197.08,198.92,191.80,194.70,Nov 30 2022
2022-12-05,189.44,191.27,180.55,182.45,Dec 2 2022
2022-12-07,175.03,179.38,172.22,174.04,Dec 6 2022
2022-12-09,173.84,182.50,173.36,179.05,Dec 8 2022
2022-12-13,174.87,175.05,156.91,160.95,Dec 12 2022
2022-12-15,153.44,160.93,153.28,157.67,Dec 14 2022
2022-12-19,154.00,155.25,145.82,149.87,Dec 16 2022
2022-12-21,139.34,141.26,135.89,137.57,Dec 20 2022
2022-12-23,126.37,128.62,121.02,123.15,Dec 22 2022
2022-12-28,110.35,116.27,108.24,112.71,Dec 27 2022
2022-12-30,119.95,124.48,119.75,123.18,Dec 29 2022
2023-01-04,109.11,114.59,107.52,113.64,Jan 3 2023
2023-01-06,103.00,114.39,101.81,113.06,Jan 5 2023
2023-01-10,121.07,122.76,114.92,118.85,Jan 9 2023
2023-01-12,122.56,124.13,117.00,123.56,Jan 11 2023
2023-01-17,125.70,131.70,125.02,131.49,Jan 13 2023
2023-01-19,127.26,129.99,124.31,127.17,Jan 18 2023
2023-01-23,135.87,145.38,134.27,143.75,Jan 20 2023
2023-01-25,141.91,146.41,138.07,144.43,Jan 24 2023
2023-01-27,162.43,180.68,161.17,177.90,Jan 26 2023
2023-01-31,164.57,174.30,162.78,173.22,Jan 30 2023
2023-02-02,187.33,196.75,182.61,188.27,Feb 1 2023
2023-02-06,193.01,198.17,189.92,194.76,Feb 3 2023
2023-02-08,196.10,203.00,194.31,201.29,Feb 7 2023
2023-02-10,202.23,206.20,192.89,196.89,Feb 9 2023
2023-02-14,191.94,209.82,189.44,209.25,Feb 13 2023
2023-02-16,210.78,217.65,201.84,202.04,Feb 15 2023
2023-02-21,204.99,209.71,197.22,197.37,Feb 17 2023
2023-02-23,203.91,205.14,196.33,202.07,Feb 22 2023
2023-02-27,202.03,209.42,201.26,207.63,Feb 24 2023
2023-03-01,206.21,207.20,198.52,202.77,Feb 28 2023
2023-03-03,194.80,200.48,192.88,197.79,Mar 2 2023
2023-03-07,191.38,194.20,186.10,187.71,Mar 6 2023
2023-03-09,180.25,185.18,172.51,172.92,Mar 8 2023
2023-03-13,167.46,177.35,163.91,174.48,Mar 10 2023
2023-03-15,180.80,182.34,176.03,180.45,Mar 14 2023
2023-03-17,184.52,186.22,177.33,180.13,Mar 16 2023
2023-03-21,188.28,198.00,188.04,197.58,Mar 20 2023
2023-03-23,195.26,199.31,188.65,192.22,Mar 22 2023
2023-03-27,194.42,197.39,189.94,191.81,Mar 24 2023
2023-03-29,193.13,195.29,189.44,193.88,Mar 28 2023
2023-03-31,197.53,207.79,197.20,207.46,Mar 30 2023
2023-04-04,197.32,198.74,190.32,192.58,Apr 3 2023
2023-04-06,183.08,186.39,179.74,185.06,Apr 5 2023
2023-04-11,186.69,189.19,185.65,186.79,Apr 10 2023
2023-04-13,182.96,186.50,180.94,185.90,Apr 12 2023
2023-04-17,186.32,189.69,182.69,187.04,Apr 14 2023
2023-04-19,179.10,183.50,177.65,180.59,Apr 18 2023
2023-04-21,164.80,166.00,161.32,165.08,Apr 20 2023
2023-04-25,159.82,163.47,158.75,160.67,Apr 24 2023
2023-04-27,152.64,160.48,152.37,160.19,Apr 26 2023
2023-05-01,163.17,163.28,158.83,161.83,Apr 28 2023
2023-05-03,160.01,165.00,159.91,160.61,May 2 2023
2023-05-05,163.97,170.79,163.51,170.06,May 4 2023
2023-05-09,168.95,169.82,166.56,169.15,May 8 2023
2023-05-11,168.70,173.57,166.79,172.08,May 10 2023
2023-05-15,167.66,169.76,164.55,166.35,May 12 2023
2023-05-17,168.41,174.50,167.19,173.86,May 16 2023
2023-05-19,177.17,181.95,176.31,180.14,May 18 2023
2023-05-23,186.20,192.96,185.26,185.77,May 22 2023
2023-05-25,186.54,186.78,180.58,184.47,May 24 2023
2023-05-30,200.10,204.48,197.53,201.16,May 26 2023
2023-06-01,202.59,209.80,199.37,207.52,May 31 2023
2023-06-05,217.80,221.29,214.52,217.61,Jun 2 2023
2023-06-07,228.00,230.83,223.20,224.57,Jun 6 2023
2023-06-09,249.07,252.42,242.02,244.40,Jun 8 2023
2023-06-13,253.51,259.68,251.34,258.71,Jun 12 2023
2023-06-15,248.40,258.95,247.29,255.90,Jun 14 2023
2023-06-20,261.50,274.75,261.12,274.45,Jun 16 2023
2023-06-22,250.77,265.00,248.25,264.61,Jun 21 2023
2023-06-26,250.07,258.37,240.70,241.05,Jun 23 2023
2023-06-28,249.70,259.88,248.89,256.24,Jun 27 2023
2023-06-30,260.60,264.45,259.89,261.77,Jun 29 2023
2023-07-05,278.82,283.85,277.60,282.48,Jul 3 2023
2023-07-07,278.43,280.78,273.77,274.43,Jul 6 2023
2023-07-11,268.65,270.90,266.37,269.79,Jul 10 2023
2023-07-13,274.59,279.45,270.60,277.90,Jul 12 2023
2023-07-17,286.63,292.23,283.57,290.38,Jul 14 2023
2023-07-19,296.04,299.29,289.52,291.26,Jul 18 2023
2023-07-21,268.00,268.00,255.80,260.02,Jul 20 2023
2023-07-25,272.38,272.90,265.00,265.28,Jul 24 2023
2023-07-27,268.31,269.13,255.30,255.71,Jul 26 2023
2023-07-31,267.48,269.08,263.78,267.43,Jul 28 2023
2023-08-02,255.57,259.52,250.49,254.11,Aug 1 2023
2023-08-04,260.97,264.77,253.11,253.86,Aug 3 2023
2023-08-08,247.45,250.92,245.01,249.70,Aug 7 2023
2023-08-10,245.40,251.80,243.00,245.34,Aug 9 2023
2023-08-14,235.70,240.66,233.75,239.76,Aug 11 2023
2023-08-16,228.02,233.97,225.38,225.60,Aug 15 2023
2023-08-18,214.12,217.58,212.36,215.49,Aug 17 2023
2023-08-22,240.25,240.82,229.55,233.19,Aug 21 2023
2023-08-24,238.66,238.92,228.18,230.04,Aug 23 2023
2023-08-28,242.58,244.38,235.35,238.82,Aug 25 2023
2023-08-30,254.20,260.51,250.59,256.90,Aug 29 2023
2023-09-01,257.26,259.08,242.01,245.01,Aug 31 2023
2023-09-06,255.14,255.39,245.06,251.92,Sep 5 2023
2023-09-08,251.22,256.52,246.67,248.50,Sep 7 2023
2023-09-12,270.76,278.39,266.60,267.48,Sep 11 2023
2023-09-14,271.32,276.71,270.42,276.04,Sep 13 2023
2023-09-18,271.16,271.44,263.76,265.28,Sep 15 2023
2023-09-20,267.04,273.93,262.46,262.59,Sep 19 2023
2023-09-22,257.40,257.79,244.48,244.88,Sep 21 2023
2023-09-26,242.98,249.55,241.66,244.12,Sep 25 2023
2023-09-28,240.02,247.55,238.65,246.38,Sep 27 2023
2023-10-02,244.81,254.28,242.62,251.60,Sep 29 2023
2023-10-04,248.14,261.86,247.60,261.16,Oct 3 2023
2023-10-06,253.98,261.65,250.65,260.53,Oct 5 2023
2023-10-10,257.75,268.94,257.65,263.62,Oct 9 2023
2023-10-12,262.92,265.41,256.63,258.87,Oct 11 2023
2023-10-16,250.05,255.40,248.48,253.92,Oct 13 2023
2023-10-18,252.70,254.63,242.08,242.68,Oct 17 2023
2023-10-20,217.01,218.86,210.42,211.99,Oct 19 2023
2023-10-24,216.50,222.05,214.11,216.52,Oct 23 2023
2023-10-26,211.32,214.80,204.88,205.76,Oct 25 2023
2023-10-30,209.28,210.88,194.67,197.36,Oct 27 2023
2023-11-01,204.04,205.99,197.85,205.66,Oct 31 2023
2023-11-03,221.15,226.37,218.40,219.96,Nov 2 2023
2023-11-07,219.98,223.12,215.72,222.18,Nov 6 2023
2023-11-09,219.75,220.80,206.68,209.98,Nov 8 2023
2023-11-13,215.60,225.40,211.61,223.71,Nov 10 2023
2023-11-15,239.29,246.70,236.45,242.84,Nov 14 2023
2023-11-17,232.00,237.39,226.54,234.30,Nov 16 2023
2023-11-21,235.04,243.62,233.34,241.20,Nov 20 2023
2023-11-24,233.75,238.75,232.33,235.45,Nov 22 2023
2023-11-28,236.68,247.00,234.01,246.72,Nov 27 2023
2023-11-30,245.14,245.22,236.91,240.08,Nov 29 2023
2023-12-04,235.75,239.37,233.29,235.58,Dec 1 2023
2023-12-06,242.92,246.57,239.17,239.37,Dec 5 2023
2023-12-08,240.27,245.27,239.27,243.84,Dec 7 2023
2023-12-12,238.55,238.99,233.87,237.01,Dec 11 2023
2023-12-14,241.22,253.88,240.79,251.05,Dec 13 2023
2023-12-18,253.78,258.74,251.36,252.08,Dec 15 2023
2023-12-20,256.41,259.84,247.00,247.14,Dec 19 2023
2023-12-22,256.76,258.22,251.37,252.54,Dec 21 2023
2023-12-27,258.35,263.34,257.52,261.44,Dec 26 2023
2023-12-29,255.10,255.19,247.43,248.48,Dec 28 2023
2024-01-03,244.98,245.68,236.32,238.45,Jan 2 2024
2024-01-05,236.86,240.12,234.90,237.49,Jan 4 2024
2024-01-09,238.11,238.96,232.04,234.96,Jan 8 2024
2024-01-11,230.57,230.93,225.37,227.22,Jan 10 2024
2024-01-16,215.10,223.49,212.18,219.91,Jan 12 2024
2024-01-18,216.88,217.45,208.74,211.88,Jan 17 2024
2024-01-22,212.26,217.80,206.27,208.80,Jan 19 2024
2024-01-24,211.88,212.73,206.77,207.83,Jan 23 2024
2024-01-26,185.50,186.78,182.10,183.25,Jan 25 2024
2024-01-30,195.33,196.36,190.61,191.59,Jan 29 2024
2024-02-01,188.50,189.88,184.28,188.86,Jan 31 2024
2024-02-05,184.26,184.68,175.01,181.06,Feb 2 2024
2024-02-07,188.18,189.79,182.68,187.58,Feb 6 2024
2024-02-09,190.18,194.12,189.48,193.57,Feb 8 2024
2024-02-13,183.99,187.26,182.11,184.02,Feb 12 2024
2024-02-15,189.16,200.88,188.86,200.45,Feb 14 2024
2024-02-20,196.13,198.60,189.13,193.76,Feb 16 2024
2024-02-22,194.00,198.32,191.36,197.41,Feb 21 2024
2024-02-26,192.29,201.78,192.00,199.40,Feb 23 2024
2024-02-28,200.42,205.30,198.44,202.04,Feb 27 2024
2024-03-01,200.52,204.52,198.50,202.64,Feb 29 2024
2024-03-05,183.05,184.59,177.57,180.74,Mar 4 2024
2024-03-07,174.35,180.04,173.70,178.65,Mar 6 2024
2024-03-11,175.45,182.87,174.80,177.77,Mar 8 2024
2024-03-13,173.05,176.05,169.15,169.48,Mar 12 2024
2024-03-15,163.16,165.18,160.76,163.57,Mar 14 2024
2024-03-19,172.36,172.82,167.42,171.32,Mar 18 2024
2024-03-21,176.39,178.18,171.80,172.82,Mar 20 2024
2024-03-25,168.76,175.24,168.73,172.63,Mar 22 2024
2024-03-27,181.41,181.91,176.00,179.83,Mar 26 2024
2024-04-01,176.17,176.75,170.21,175.22,Mar 28 2024
2024-04-03,164.02,168.82,163.28,168.38,Apr 2 2024
2024-04-05,169.08,170.86,160.51,164.90,Apr 4 2024
2024-04-09,172.91,179.22,171.92,176.88,Apr 8 2024
2024-04-11,172.55,175.88,168.51,174.60,Apr 10 2024
2024-04-15,170.24,170.69,161.38,161.48,Apr 12 2024
2024-04-17,157.64,158.33,153.78,155.45,Apr 16 2024
2024-04-19,148.97,150.94,146.22,147.05,Apr 18 2024
2024-04-23,143.33,147.26,141.11,144.68,Apr 22 2024
2024-04-25,158.96,170.88,158.36,170.18,Apr 24 2024
2024-04-29,188.42,198.87,184.54,194.05,Apr 26 2024
2024-05-01,182.00,185.86,179.01,179.99,Apr 30 2024
2024-05-03,182.10,184.78,178.42,181.19,May 2 2024
2024-05-07,182.40,183.26,177.40,177.81,May 6 2024
2024-05-09,175.01,175.62,171.37,171.97,May 8 2024
2024-05-13,170.00,175.40,169.00,171.89,May 10 2024
2024-05-15,179.90,180.00,173.11,173.99,May 14 2024
2024-05-17,173.55,179.63,172.75,177.46,May 16 2024
2024-05-21,175.51,186.88,174.71,186.60,May 20 2024
2024-05-23,181.80,181.90,173.26,173.74,May 22 2024
2024-05-28,176.40,178.25,173.16,176.75,May 24 2024
2024-05-30,178.58,182.67,175.38,178.79,May 29 2024
2024-06-03,178.13,182.64,174.49,176.29,May 31 2024
2024-06-05,175.35,176.15,172.13,175.00,Jun 4 2024
2024-06-07,176.13,179.35,175.58,177.48,Jun 6 2024
2024-06-11,173.92,174.75,167.41,170.66,Jun 10 2024
2024-06-13,188.39,191.08,181.23,182.47,Jun 12 2024
2024-06-17,177.92,188.81,177.00,187.44,Jun 14 2024
2024-06-20,184.68,185.21,179.66,181.57,Jun 18 2024
2024-06-24,184.97,188.80,182.55,182.58,Jun 21 2024
2024-06-26,186.54,197.76,186.36,196.37,Jun 25 2024
2024-06-28,199.55,203.20,195.26,197.88,Jun 27 2024
2024-07-02,218.89,231.30,218.06,231.26,Jul 1 2024
2024-07-05,249.81,252.37,242.46,251.52,Jul 3 2024
2024-07-09,251.00,265.61,250.30,262.33,Jul 8 2024
2024-07-11,263.30,271.00,239.65,241.03,Jul 10 2024
2024-07-15,255.97,265.60,251.73,252.64,Jul 12 2024
2024-07-17,252.73,258.47,246.18,248.50,Jul 16 2024
2024-07-19,247.79,249.44,236.83,239.20,Jul 18 2024
2024-07-23,253.60,255.76,245.63,246.38,Jul 22 2024
2024-07-25,216.80,226.00,216.23,220.25,Jul 24 2024
2024-07-29,224.90,234.27,224.70,232.10,Jul 26 2024
2024-07-31,227.90,234.68,226.79,232.07,Jul 30 2024
2024-08-02,214.88,216.13,205.78,207.67,Aug 1 2024
2024-08-06,200.75,202.90,192.67,200.64,Aug 5 2024
2024-08-08,195.70,200.70,192.04,198.84,Aug 7 2024
2024-08-12,199.02,199.26,194.67,197.49,Aug 9 2024
2024-08-14,207.39,208.44,198.75,201.38,Aug 13 2024
2024-08-16,211.15,219.80,210.80,216.12,Aug 15 2024
2024-08-20,224.88,228.22,219.56,221.10,Aug 19 2024
2024-08-22,223.82,224.80,210.32,210.66,Aug 21 2024
2024-08-26,218.75,219.09,211.01,213.21,Aug 23 2024
2024-08-28,209.72,211.84,202.59,205.75,Aug 27 2024
2024-08-30,208.63,214.57,207.03,214.11,Aug 29 2024
2024-09-04,210.59,222.22,210.57,219.41,Sep 3 2024
2024-09-06,232.60,233.60,210.51,210.73,Sep 5 2024
2024-09-10,220.07,226.40,218.64,226.17,Sep 9 2024
2024-09-12,224.66,231.45,223.83,229.81,Sep 11 2024
2024-09-16,229.30,229.96,223.53,226.78,Sep 13 2024
2024-09-18,230.09,235.68,226.88,227.20,Sep 17 2024
2024-09-20,241.52,243.99,235.92,238.25,Sep 19 2024
2024-09-24,254.08,257.19,249.05,254.27,Sep 23 2024
2024-09-26,260.60,261.75,251.53,254.22,Sep 25 2024
2024-09-30,259.04,264.86,255.77,261.63,Sep 27 2024
2024-10-02,247.55,251.16,241.50,249.02,Oct 1 2024
2024-10-04,246.69,250.96,244.58,250.08,Oct 3 2024
2024-10-08,243.56,246.21,240.56,244.50,Oct 7 2024
2024-10-10,241.81,242.79,232.34,238.77,Oct 9 2024
2024-10-14,220.13,221.91,213.74,219.16,Oct 11 2024
2024-10-16,221.40,222.82,218.93,221.33,Oct 15 2024
2024-10-18,220.71,222.28,219.23,220.70,Oct 17 2024
2024-10-22,217.31,218.22,215.26,217.97,Oct 21 2024
2024-10-24,244.68,262.12,242.65,260.48,Oct 23 2024
2024-10-28,270.00,273.54,262.24,262.51,Oct 25 2024
2024-10-30,258.04,263.35,255.82,257.55,Oct 29 2024
2024-11-01,252.04,254.00,246.63,248.98,Oct 31 2024
2024-11-05,247.34,255.28,246.21,251.44,Nov 4 2024
2024-11-07,288.89,299.75,285.52,296.91,Nov 6 2024
2024-11-11,346.30,358.64,336.00,350.00,Nov 8 2024
2024-11-13,335.85,344.60,322.50,330.24,Nov 12 2024
2024-11-15,310.57,324.68,309.22,320.72,Nov 14 2024
2024-11-19,335.76,347.38,332.75,346.00,Nov 18 2024
2024-11-21,343.81,347.99,335.28,339.64,Nov 20 2024
2024-11-25,360.14,361.93,338.20,338.59,Nov 22 2024
2024-11-27,341.80,342.55,326.59,332.89,Nov 26 2024
2024-12-02,352.38,360.00,351.15,357.09,Nov 29 2024
2024-12-04,353.00,358.10,348.60,357.93,Dec 3 2024
2024-12-06,377.42,389.49,370.80,389.22,Dec 5 2024
2024-12-10,392.68,409.73,390.85,400.99,Dec 9 2024
2024-12-12,424.84,429.30,415.00,418.10,Dec 11 2024
2024-12-16,441.09,463.19,436.15,463.02,Dec 13 2024
2024-12-18,466.50,488.54,427.01,440.13,Dec 17 2024
2024-12-20,425.51,447.08,417.64,421.06,Dec 19 2024
2024-12-24,435.90,462.78,435.14,462.28,Dec 23 2024
2024-12-27,449.52,450.00,426.50,431.66,Dec 26 2024
2024-12-31,423.79,427.93,402.54,403.84,Dec 30 2024
2025-01-03,381.48,411.88,379.45,410.44,Jan 2 2025
2025-01-07,405.83,414.33,390.00,394.36,Jan 6 2025
2025-01-10,391.40,399.28,377.29,394.74,Jan 8 2025
2025-01-14,414.34,422.64,394.54,396.36,Jan 13 2025
2025-01-16,423.49,424.00,409.13,413.82,Jan 15 2025
2025-01-21,432.64,433.20,406.31,424.07,Jan 17 2025
2025-01-23,416.06,420.73,408.95,412.38,Jan 22 2025
2025-01-27,394.80,406.69,389.00,397.15,Jan 24 2025
2025-01-29,395.21,398.59,384.48,389.10,Jan 28 2025
2025-01-31,401.53,419.99,401.34,404.60,Jan 30 2025
2025-02-04,382.63,394.00,381.40,392.21,Feb 3 2025
2025-02-06,373.03,375.40,363.18,374.32,Feb 5 2025
2025-02-10,356.21,362.70,350.51,350.73,Feb 7 2025
2025-02-12,329.94,346.40,329.12,336.51,Feb 11 2025
2025-02-14,360.62,362.00,347.50,355.84,Feb 13 2025
2025-02-19,354.00,367.34,353.67,360.56,Feb 18 2025
2025-02-21,353.44,354.98,334.42,337.80,Feb 20 2025
2025-02-25,327.02,328.89,297.25,302.80,Feb 24 2025
2025-02-27,291.16,297.23,280.88,281.95,Feb 26 2025
2025-03-03,300.34,303.94,277.30,284.65,Feb 28 2025
2025-03-05,272.92,279.55,267.71,279.10,Mar 4 2025
2025-03-07,259.32,266.25,250.73,262.67,Mar 6 2025
2025-03-11,225.31,237.06,217.02,230.58,Mar 10 2025
2025-03-13,248.13,248.29,232.60,240.68,Mar 12 2025
2025-03-17,245.06,245.40,232.80,238.01,Mar 14 2025
2025-03-19,231.61,241.41,229.20,235.86,Mar 18 2025
2025-03-21,234.99,249.52,234.55,248.71,Mar 20 2025
2025-03-25,283.60,288.20,271.28,288.14,Mar 24 2025
2025-03-27,272.48,291.85,271.82,273.13,Mar 26 2025
2025-03-31,249.31,260.56,243.36,259.16,Mar 28 2025
2025-04-02,254.60,284.99,251.27,282.76,Apr 1 2025
2025-04-04,255.38,261.00,236.00,239.43,Apr 3 2025
2025-04-08,245.00,250.44,217.80,221.86,Apr 7 2025
2025-04-10,260.00,262.49,239.33,252.40,Apr 9 2025
2025-04-14,258.36,261.80,245.93,252.35,Apr 11 2025
2025-04-16,247.61,251.97,233.89,241.55,Apr 15 2025
2025-04-21,230.26,232.21,222.79,227.50,Apr 17 2025
2025-04-23,254.86,259.45,244.43,250.74,Apr 22 2025
2025-04-25,261.69,286.85,259.63,284.95,Apr 24 2025
2025-04-29,285.50,293.32,279.47,292.03,Apr 28 2025
2025-05-01,280.01,290.87,279.81,280.52,Apr 30 2025
2025-05-05,284.57,284.85,274.40,280.26,May 2 2025
2025-05-07,276.88,277.92,271.00,276.22,May 6 2025
2025-05-09,290.21,307.04,290.00,298.26,May 8 2025
2025-05-13,320.00,337.59,316.80,334.07,May 12 2025
2025-05-15,340.34,346.14,334.72,342.82,May 14 2025
2025-05-19,336.30,343.00,333.37,342.09,May 16 2025
2025-05-21,344.43,347.35,332.20,334.62,May 20 2025
2025-05-23,337.92,343.18,333.21,339.34,May 22 2025
2025-05-28,364.84,365.00,355.91,356.90,May 27 2025
2025-05-30,355.52,363.68,345.29,346.46,May 29 2025
2025-06-03,346.60,355.40,343.04,344.27,Jun 2 2025
2025-06-05,322.49,324.55,273.21,284.70,Jun 4 2025
2025-06-09,285.96,309.83,281.85,308.58,Jun 6 2025
2025-06-11,334.40,335.50,322.50,326.43,Jun 10 2025
2025-06-13,313.97,332.99,313.30,325.31,Jun 12 2025
2025-06-17,326.09,327.26,314.74,316.35,Jun 16 2025
2025-06-20,327.95,332.36,317.78,322.16,Jun 18 2025
2025-06-24,356.17,356.26,340.44,340.47,Jun 23 2025
2025-06-26,324.61,331.05,323.61,325.78,Jun 25 2025
2025-06-30,319.90,325.58,316.60,317.66,Jun 27 2025
2025-07-02,312.63,316.83,303.82,315.65,Jul 1 2025
2025-07-07,291.37,296.15,288.77,293.94,Jul 3 2025
2025-07-09,297.55,300.15,293.55,295.88,Jul 8 2025
2025-07-11,307.89,314.09,305.65,313.51,Jul 10 2025
2025-07-15,319.68,321.20,310.50,310.78,Jul 14 2025
2025-07-17,323.15,324.34,317.06,319.41,Jul 16 2025
2025-07-21,334.40,338.00,326.88,328.49,Jul 18 2025
2025-07-23,330.90,336.20,328.67,332.56,Jul 22 2025
2025-07-25,308.74,323.63,308.01,316.06,Jul 24 2025
2025-07-29,325.55,326.25,318.25,321.20,Jul 28 2025
2025-07-31,319.61,321.37,306.10,308.27,Jul 30 2025
2025-08-04,309.08,312.12,303.00,309.26,Aug 1 2025
2025-08-06,307.89,320.47,306.93,319.91,Aug 5 2025
2025-08-08,321.43,335.15,320.98,329.65,Aug 7 2025
2025-08-12,345.00,345.26,332.94,340.84,Aug 11 2025
2025-08-14,335.76,340.47,330.40,335.58,Aug 13 2025
2025-08-18,329.62,336.27,329.59,335.16,Aug 15 2025
2025-08-20,329.22,331.37,314.60,323.90,Aug 19 2025
2025-08-22,321.66,340.25,319.69,340.01,Aug 21 2025
2025-08-26,344.93,351.90,343.72,351.67,Aug 25 2025
2025-08-28,350.91,353.55,340.26,345.98,Aug 27 2025
2025-09-02,328.23,333.33,325.60,329.36,Aug 29 2025
2025-09-04,336.15,338.89,331.48,338.53,Sep 3 2025
2025-09-08,354.64,358.44,344.84,346.40,Sep 5 2025
2025-09-10,350.55,356.33,346.07,347.79,Sep 9 2025
2025-09-12,370.94,396.69,370.24,395.94,Sep 11 2025
2025-09-16,414.50,423.25,411.43,421.62,Sep 15 2025
2025-09-18,428.87,432.22,416.56,416.85,Sep 17 2025
2025-09-22,431.11,444.98,429.13,434.21,Sep 19 2025
2025-09-24,429.83,444.21,429.03,442.79,Sep 23 2025
2025-09-26,428.30,440.47,421.02,440.40,Sep 25 2025
2025-09-30,441.52,445.00,433.12,444.72,Sep 29 2025
2025-10-02,470.54,470.75,435.57,436.00,Oct 1 2025
2025-10-06,440.75,453.55,436.69,453.25,Oct 3 2025
2025-10-08,437.57,441.33,425.23,438.69,Oct 7 2025
2025-10-10,436.54,443.13,411.45,413.49,Oct 9 2025
2025-10-14,426.79,434.20,417.86,429.24,Oct 13 2025
2025-10-16,434.73,439.35,421.31,428.75,Oct 15 2025
2025-10-20,443.87,449.80,440.61,447.43,Oct 17 2025
2025-10-22,443.45,445.54,429.00,438.97,Oct 21 2025
2025-10-24,446.83,451.68,430.17,433.72,Oct 23 2025
2025-10-28,454.78,467.00,451.60,460.55,Oct 27 2025
2025-10-30,451.05,455.06,439.61,440.10,Oct 29 2025
2025-11-03,455.99,474.07,453.80,468.37,Oct 31 2025
2025-11-05,452.05,466.33,440.71,462.07,Nov 4 2025
2025-11-07,437.92,439.36,421.88,429.52,Nov 6 2025
2025-11-11,439.40,442.49,432.36,439.62,Nov 10 2025
2025-11-13,423.13,424.50,396.34,401.99,Nov 12 2025
2025-11-17,398.74,423.96,398.74,408.92,Nov 14 2025
2025-11-19,406.18,411.78,398.50,403.99,Nov 18 2025
2025-11-21,402.32,402.80,383.76,391.09,Nov 20 2025
2025-11-25,414.42,420.48,405.95,419.40,Nov 24 2025
2025-11-28,426.59,432.93,426.20,430.17,Nov 26 2025
2025-12-02,430.81,436.80,422.12,429.24,Dec 1 2025
2025-12-04,449.94,454.63,445.39,454.53,Dec 3 2025
2025-12-08,447.45,449.75,435.25,439.58,Dec 5 2025
2025-12-10,446.07,456.88,443.61,451.45,Dec 9 2025
2025-12-12,448.09,463.01,441.67,458.96,Dec 11 2025
2025-12-16,472.21,491.50,465.83,489.88,Dec 15 2025
2025-12-18,478.16,490.86,473.12,483.37,Dec 17 2025
2025-12-22,489.88,498.83,485.33,488.73,Dec 19 2025
2025-12-24,488.48,490.90,476.80,485.40,Dec 23 2025
2025-12-29,469.00,469.40,459.00,459.64,Dec 26 2025
2025-12-31,456.10,456.55,449.30,449.72,Dec 30 2025
2026-01-05,447.99,457.55,444.57,451.67,Jan 2 2026
2026-01-07,435.90,438.37,431.29,431.41,Jan 6 2026
2026-01-09,435.95,449.05,430.39,445.01,Jan 8 2026
2026-01-13,450.20,451.81,443.95,447.20,Jan 12 2026
2026-01-15,441.13,445.36,437.65,438.57,Jan 14 2026
2026-01-20,429.36,430.73,417.44,419.25,Jan 16 2026
2026-01-22,435.16,449.50,432.63,449.36,Jan 21 2026
2026-01-26,445.00,445.04,434.28,435.20,Jan 23 2026
2026-01-28,431.91,438.26,430.10,431.46,Jan 27 2026
2026-01-30,425.35,439.88,422.70,430.41,Jan 29 2026
2026-02-03,424.27,428.56,413.69,421.96,Feb 2 2026
2026-02-05,397.02,402.10,387.53,397.21,Feb 4 2026
2026-02-09,409.91,421.25,407.29,417.32,Feb 6 2026
2026-02-11,427.96,436.35,420.03,428.27,Feb 10 2026
2026-02-13,414.31,424.06,410.88,417.44,Feb 12 2026
2026-02-18,411.11,416.90,409.58,411.32,Feb 17 2026
2026-02-20,408.30,414.70,405.50,411.82,Feb 19 2026
2026-02-24,399.50,410.82,397.64,409.38,Feb 23 2026
2026-02-26,414.42,416.81,403.66,408.58,Feb 25 2026
2026-03-02,390.60,404.54,388.25,403.32,Feb 27 2026
2026-03-04,397.85,408.33,394.58,405.94,Mar 3 2026
2026-03-06,398.09,402.35,394.21,396.73,Mar 5 2026
2026-03-10,402.22,406.59,398.19,399.24,Mar 9 2026
2026-03-12,405.18,406.50,394.65,395.01,Mar 11 2026
2026-03-16,396.22,403.73,394.42,395.56,Mar 13 2026
2026-03-18,399.00,403.07,392.31,392.78,Mar 17 2026
2026-03-20,379.85,379.89,364.46,367.96,Mar 19 2026
2026-03-24,376.56,387.48,376.31,383.03,Mar 23 2026
2026-03-26,381.60,384.44,371.87,372.11,Mar 25 2026
2026-03-30,365.86,367.29,352.14,355.28,Mar 27 2026
2026-04-01,378.63,383.14,374.08,381.26,Mar 31 2026
2026-04-06,362.59,367.72,346.64,352.82,Apr 2 2026
2026-04-08,363.79,364.50,339.67,343.25,Apr 7 2026
2026-04-10,346.29,350.36,342.74,348.95,Apr 9 2026
2026-04-14,357.67,367.63,354.77,364.20,Apr 13 2026
2026-04-16,393.81,394.06,381.80,388.90,Apr 15 2026
2026-04-20,402.58,406.80,388.33,392.50,Apr 17 2026
2026-04-22,387.57,393.01,385.30,387.51,Apr 21 2026
2026-04-24,373.50,382.76,370.73,376.30,Apr 23 2026
2026-04-28,374.68,382.29,372.54,376.02,Apr 27 2026
2026-04-30,372.75,384.75,368.17,381.63,Apr 29 2026
2026-05-04,390.23,394.64,384.80,392.51,May 1 2026
2026-05-06,386.25,401.68,384.02,398.73,May 5 2026
2026-05-08,416.48,431.20,416.39,428.35,May 7 2026
2026-05-12,441.41,447.80,422.26,433.45,May 11 2026
2026-05-14,446.49,451.98,441.16,443.30,May 13 2026
2026-05-18,419.27,421.13,405.33,409.99,May 15 2026
2026-05-20,407.60,417.46,406.39,417.26,May 19 2026
2026-05-22,422.67,431.51,420.51,426.01,May 21 2026
2026-05-27,442.89,445.60,435.52,440.36,May 26 2026
2026-05-29,439.85,441.07,428.14,435.79,May 28 2026
2026-06-02,418.22,424.42,413.65,423.74,Jun 1 2026
2026-06-04,419.84,426.35,417.16,418.45,Jun 3 2026
2026-06-08,396.33,412.94,394.72,408.95,Jun 5 2026
2026-06-10,391.54,397.09,380.15,381.59,Jun 9 2026
2026-06-12,399.49,406.68,386.76,406.43,Jun 11 2026
2026-06-16,404.11,412.42,400.54,404.66,Jun 15 2026
2026-06-18,398.08,402.52,384.70,400.49,Jun 17 2026
